序号,标题,作者,文章类型,年份,期数,引用格式
1,温州方言的介趋结构,姜淑珍、史文磊,句法学和语义学,2020,第1期,姜淑珍、史文磊.温州方言的介趋结构[J].澳门语言学刊2020年第1期.
2,汉语情态动词结构的移位现象研究,胡波,句法学和语义学,2020,第1期,"胡波.汉语情态动词结构的移位现象研究[J].澳门语言学刊,2020年第1期."
3,句子：三个平面的语法研究的对象,施关淦,句法学和语义学,1998,总第6/7期,"施关淦.句子：三个平面的语法研究的对象[J].澳门语言学刊,1998年总第6/7期."
4,现代汉语形容词的体及其形态化历程,张国宪,句法学和语义学,1998,总第6/7期,"张国宪.现代汉语形容词的体及其形态化历程[J].澳门语言学刊,1998年总第6/7期."
5,谈补语,陆世光,句法学和语义学,1998,总第6/7期,"陆世光.谈补语[J].澳门语言学刊,1998年总第6/7期."
6,我对“要”的结构和含义之管见,欧绍华,句法学和语义学,2001,总第14/15 期,"欧绍华.我对“要”的结构和含义之管见[J].澳门语言学刊,2001年总第14/15 期."
7,谈谈方言动词“整”,张万有,句法学和语义学,2001,总第14/15 期,"张万有.谈谈方言动词“整”[J].澳门语言学刊,2001年总第14/15 期."
8,归纳、演绎与句子的语义成分研究——希杰师语言观与方法论学习心得之一,徐昌火,句法学和语义学,2002,总第16/17 期,"徐昌火.归纳、演绎与句子的语义成分研究——希杰师语言观与方法论学习心得之一[J].澳门语言学刊,2002年总第16/17 期."
9,“妖魔化”能带宾语吗？,侯昌硕,句法学和语义学,2003,总第20/21期,"侯昌硕.“妖魔化”能带宾语吗？[J].澳门语言学刊,2003年总第20/21期."
10,说“道歉”,程祥徽,句法学和语义学,2003,总第20/21期,"程祥徽.说“道歉”[J].澳门语言学刊,2003年总第20/21期."
11,论几个现代语言学流派的功能观,王德福,句法学和语义学,2003,总第22/23 期,"王德福.论几个现代语言学流派的功能观[J].澳门语言学刊,2003年总第22/23 期."
12,温州话动词重叠式结构与功能分析,池昌海、王纯,句法学和语义学,2004,总第26 期,"池昌海、王纯.温州话动词重叠式结构与功能分析[J].澳门语言学刊,2004年总第26 期."
13,疑问句末语气词“呢”的“句管控”考察,沈威,句法学和语义学,2008,总第31/32 期,"沈威.疑问句末语气词“呢”的“句管控”考察[J].澳门语言学刊,2008年总第31/32 期."
14,现代汉语的时量成分与时量系统,杨世铁,句法学和语义学,2008,总第31/32 期,"杨世铁.现代汉语的时量成分与时量系统[J].澳门语言学刊,2008年总第31/32 期."
15,21 世纪汉语语法研究的宏观思考,邵敬敏,句法学和语义学,2009,第1期,"邵敬敏.21 世纪汉语语法研究的宏观思考[J].澳门语言学刊,2009年第1期."
16,现代汉语量词研究,李行健、余志鸿,句法学和语义学,2009,第1期,"李行健、余志鸿.现代汉语量词研究[J].澳门语言学刊,2009年第1期."
17,河北魏县方言中的三种结构,吴继章,句法学和语义学,2009,第1期,"吴继章.河北魏县方言中的三种结构[J].澳门语言学刊,2009年第1期."
18,反义关系的形容词在叠用上的不对称性,郑远汉,句法学和语义学,2009,第2期,"郑远汉.反义关系的形容词在叠用上的不对称性[J].澳门语言学刊,2009年第2期."
19,从构式“爱谁谁”看句法异质现象,陈满华,句法学和语义学,2009,第2期,"陈满华.从构式“爱谁谁”看句法异质现象[J].澳门语言学刊,2009年第2期."
20,同位结构“我老人家”的认知和语用分析,李洁,句法学和语义学,2009,第2期,"李洁.同位结构“我老人家”的认知和语用分析[J].澳门语言学刊,2009年第2期."
21,以单线递进句为论柄点评事实发掘与研究深化,邢福义,句法学和语义学,2010,第1期,"邢福义.以单线递进句为论柄点评事实发掘与研究深化[J].澳门语言学刊,2010年第1期."
22,“打”字意义纷繁原因试析,黄高飞,句法学和语义学,2010,第1期,"黄高飞.“打”字意义纷繁原因试析[J].澳门语言学刊,2010年第1期."
23,生成语法中的汉语疑问句研究,王瑞昀、王大智,句法学和语义学,2010,第2期,"王瑞昀、王大智.生成语法中的汉语疑问句研究[J].澳门语言学刊,2010年第2期."
24,“早不V”和“不早V”的功能比较,阎克,句法学和语义学,2010,第2期,"阎克.“早不V”和“不早V”的功能比较[J].澳门语言学刊,2010年第2期."
25,试析现代汉语中三类不同的“X 点”,曾柱,句法学和语义学,2010,第2期,"曾柱.试析现代汉语中三类不同的“X 点”[J].澳门语言学刊,2010年第2期."
26,涪陵话表假设义的“是”及相关问题,王燕,句法学和语义学,2011,第1期,"王燕.涪陵话表假设义的“是”及相关问题[J].澳门语言学刊,2011年第1期."
27,违反约束理论C 原则的汉语现象及相关解释——以“他父亲害了小张”为例,田源,句法学和语义学,2011,第1期,"田源.违反约束理论C 原则的汉语现象及相关解释——以“他父亲害了小张”为例[J].澳门语言学刊,2011年第1期."
28,移位元性特征、句法限制与句首名词的话题和/或主语属性——以汉语领主句和及物句为例,马志刚,句法学和语义学,2011,第1期,"马志刚.移位元性特征、句法限制与句首名词的话题和/或主语属性——以汉语领主句和及物句为例[J].澳门语言学刊,2011年第1期."
29,轻动词问题的来龙去脉,王娟,句法学和语义学,2011,第1期,"王娟.轻动词问题的来龙去脉[J].澳门语言学刊,2011年第1期."
30,福州方言处置式,郑懿德,句法学和语义学,2011,第2期,"郑懿德.福州方言处置式[J].澳门语言学刊,2011年第2期."
31,语言研究与语感——从语法研究看语言研究与语感的相互关系,丁力、刘忠华,句法学和语义学,2011,第2期,"丁力、刘忠华.语言研究与语感——从语法研究看语言研究与语感的相互关系[J].澳门语言学刊,2011年第2期."
32,“V+到+O”构式的特征及形成机制,罗耀华、周晨磊,句法学和语义学,2011,第2期,"罗耀华、周晨磊.“V+到+O”构式的特征及形成机制[J].澳门语言学刊,2011年第2期."
33,“所谓”的功能及主观化,吕为光,句法学和语义学,2011,第2期,"吕为光.“所谓”的功能及主观化[J].澳门语言学刊,2011年第2期."
34,生成语法视野的聚焦类型学眼光的审视——评《焦点范畴与焦点形式》,张磊,句法学和语义学,2011,第2期,"张磊.生成语法视野的聚焦类型学眼光的审视——评《焦点范畴与焦点形式》[J].澳门语言学刊,2011年第2期."
35,说“数量名结构+形容词”,邢福义,句法学和语义学,2012,第1期,"邢福义.说“数量名结构+形容词”[J].澳门语言学刊,2012年第1期."
36,语言组织结构的非线性特征,司富珍,句法学和语义学,2012,第1期,"司富珍.语言组织结构的非线性特征[J].澳门语言学刊,2012年第1期."
37,现代汉语“X 力”式副词词族研究,匡鹏飞、胡茜,句法学和语义学,2012,第2期,"匡鹏飞、胡茜.现代汉语“X 力”式副词词族研究[J].澳门语言学刊,2012年第2期."
38,“V+个+N”结构的表里值检视,张媛媛,句法学和语义学,2012,第2期,"张媛媛.“V+个+N”结构的表里值检视[J].澳门语言学刊,2012年第2期."
39,方言中形式动词“有”的形容词性宾语之考察,沈威,句法学和语义学,2012,第2期,"沈威.方言中形式动词“有”的形容词性宾语之考察[J].澳门语言学刊,2012年第2期."
40,湘语邵阳话中“X 得很”的特殊用法及“得很”的演变,蒋协众、罗昕如,句法学和语义学,2012,第2期,"蒋协众、罗昕如.湘语邵阳话中“X 得很”的特殊用法及“得很”的演变[J].澳门语言学刊,2012年第2期."
41,当生成句法学理论遇到汉语事实——《汉语句法学》述评,张和友,句法学和语义学,2012,第2期,"张和友.当生成句法学理论遇到汉语事实——《汉语句法学》述评[J].澳门语言学刊,2012年第2期."
42,“有点+小+V”构式及其话语功能,罗耀华、郑友阶、牛利,句法学和语义学,2013,第1期,"罗耀华、郑友阶、牛利.“有点+小+V”构式及其话语功能[J].澳门语言学刊,2013年第1期."
43,汉语保留宾语句及相关结构的句法研究,杨西彬,句法学和语义学,2013,第1期,"杨西彬.汉语保留宾语句及相关结构的句法研究[J].澳门语言学刊,2013年第1期."
44,列举义构式“什么X”与“什么的”解析,卢惠惠,句法学和语义学,2013,第1期,"卢惠惠.列举义构式“什么X”与“什么的”解析[J].澳门语言学刊,2013年第1期."
45,“人定胜天”句法结构演变分析,郭伏良、刘鸿雁,句法学和语义学,2013,第1期,"郭伏良、刘鸿雁.“人定胜天”句法结构演变分析[J].澳门语言学刊,2013年第1期."
46,有关汉语数量表达的几个问题,陆俭明,句法学和语义学,2013,第2期,"陆俭明.有关汉语数量表达的几个问题[J].澳门语言学刊,2013年第2期."
47,建构动宾致使词法构式的语言学意义,孟凯,句法学和语义学,2013,第2期,"孟凯.建构动宾致使词法构式的语言学意义[J].澳门语言学刊,2013年第2期."
48,“把”字句的句法分析及其汉英翻译,周毕吉、李莹,句法学和语义学,2014,第1期,"周毕吉、李莹.“把”字句的句法分析及其汉英翻译[J].澳门语言学刊,2014年第1期."
49,母语使用者对汉语个体量词功能理解方式的调查,吴雅云,句法学和语义学,2014,第1期,"吴雅云.母语使用者对汉语个体量词功能理解方式的调查[J].澳门语言学刊,2014年第1期."
50,澳门立法语言中以“作出下列行为者”为引导词的列举句式,邹玉华,句法学和语义学,2014,第1期,"邹玉华.澳门立法语言中以“作出下列行为者”为引导词的列举句式[J].澳门语言学刊,2014年第1期."
51,从诗歌语言所见之宾语创新用法看汉语词类问题,苏俊波,句法学和语义学,2014,第2期,"苏俊波.从诗歌语言所见之宾语创新用法看汉语词类问题[J].澳门语言学刊,2014年第2期."
52,非宾格假设和汉语“把”字句,杨勇,句法学和语义学,2014,第2期,"杨勇.非宾格假设和汉语“把”字句[J].澳门语言学刊,2014年第2期."
53,论汉语中的包孕感叹句,周毕吉,句法学和语义学,2014,第2期,"周毕吉.论汉语中的包孕感叹句[J].澳门语言学刊,2014年第2期."
54,代体宾语的句法语义允准问题,庄会彬,句法学和语义学,2014,第2期,"庄会彬.代体宾语的句法语义允准问题[J].澳门语言学刊,2014年第2期."
55,太原话“给……给V”句式,张韵,句法学和语义学,2015,第1期,"张韵.太原话“给……给V”句式[J].澳门语言学刊,2015年第1期."
56,汉语叹词定位的历层模式,郭攀、夏凤梅,句法学和语义学,2015,第1期,"郭攀、夏凤梅.汉语叹词定位的历层模式[J].澳门语言学刊,2015年第1期."
57,近指和远指代词都兼指第三身现象的再探讨,汪化云、史秀菊,句法学和语义学,2015,第1期,"汪化云、史秀菊.近指和远指代词都兼指第三身现象的再探讨[J].澳门语言学刊,2015年第1期."
58,韵律和标界理论视角下的名词作状语介词隐现问题研究,张文,句法学和语义学,2015,第1期,"张文.韵律和标界理论视角下的名词作状语介词隐现问题研究[J].澳门语言学刊,2015年第1期."
59,汉语“白”的隐性否定语义探析,曾静涵、袁毓林,句法学和语义学,2015,第2期,"曾静涵、袁毓林.汉语“白”的隐性否定语义探析[J].澳门语言学刊,2015年第2期."
60,语气副词与句子的三个敏感位置,李勉,句法学和语义学,2015,第2期,"李勉.语气副词与句子的三个敏感位置[J].澳门语言学刊,2015年第2期."
61,祈使句的主语与约束原则,司罗红,句法学和语义学,2015,第2期,"司罗红.祈使句的主语与约束原则[J].澳门语言学刊,2015年第2期."
62,论形名结构做谓语的句子性质,杨西彬,句法学和语义学,2015,第2期,"杨西彬.论形名结构做谓语的句子性质[J].澳门语言学刊,2015年第2期."
63,汉语关系从句环境特殊性考察,张磊,句法学和语义学,2015,第2期,"张磊.汉语关系从句环境特殊性考察[J].澳门语言学刊,2015年第2期."
64,现代汉语中的虚主语“他”,张莹,句法学和语义学,2015,第2期,"张莹.现代汉语中的虚主语“他”[J].澳门语言学刊,2015年第2期."
65,汉语中的几个弱式焦点标记,董思聪,句法学和语义学,2015,第2期,"董思聪.汉语中的几个弱式焦点标记[J].澳门语言学刊,2015年第2期."
66,汉语“被”字式与英语“Be”型被动式语法化机制和动因的比较,周振峰,句法学和语义学,2015,第2期,"周振峰.汉语“被”字式与英语“Be”型被动式语法化机制和动因的比较[J].澳门语言学刊,2015年第2期."
67,汉语句间连接词机制的类型学参照,杨黎黎,句法学和语义学,2016,第1期,"杨黎黎.汉语句间连接词机制的类型学参照[J].澳门语言学刊,2016年第1期."
68,祈使特征与祈使句的生成机制,司罗红、王素改,句法学和语义学,2016,第1期,"司罗红、王素改.祈使特征与祈使句的生成机制[J].澳门语言学刊,2016年第1期."
69,汉语关系从句标记,张磊、赵宗飒,句法学和语义学,2016,第1期,"张磊、赵宗飒.汉语关系从句标记[J].澳门语言学刊,2016年第1期."
70,现代汉语“着”类词的语义地图研究,郭利霞、李小凡,句法学和语义学,2016,第2期,"郭利霞、李小凡.现代汉语“着”类词的语义地图研究[J].澳门语言学刊,2016年第2期."
71,“各种+X”构式及其形成机制,罗耀华、罗琪翔,句法学和语义学,2016,第2期,"罗耀华、罗琪翔.“各种+X”构式及其形成机制[J].澳门语言学刊,2016年第2期."
72,违反词语完整律现象中插入成分的性质,倪广妍,句法学和语义学,2016,第2期,"倪广妍.违反词语完整律现象中插入成分的性质[J].澳门语言学刊,2016年第2期."
73,谓词性空位成分存在的理论依据,张昀,句法学和语义学,2016,第2期,"张昀.谓词性空位成分存在的理论依据[J].澳门语言学刊,2016年第2期."
74,An Embodied Construction Grammar Approach to the Semantic Overlap of Chinese Classifiers: The case of tiao and dao,Song Jiang,句法学和语义学,2016,第2期,"Song Jiang.An Embodied Construction Grammar Approach to the Semantic Overlap of Chinese Classifiers: The case of tiao and dao[J].澳门语言学刊,2016年第2期."
75,否定标记与祈使标记共现的句法特征,马宏程、熊雯,句法学和语义学,2017,第1期,"马宏程、熊雯.否定标记与祈使标记共现的句法特征[J].澳门语言学刊,2017年第1期."
76,论语义的跨层潜含,郭攀,句法学和语义学,2017,第1期,"郭攀.论语义的跨层潜含[J].澳门语言学刊,2017年第1期."
77,体词谓语句中谓词性空位成分及其理论意义,张昀,句法学和语义学,2017,第1期,"张昀.体词谓语句中谓词性空位成分及其理论意义[J].澳门语言学刊,2017年第1期."
78,“不料”的超预期功能及主观性,袁昱菡、匡鹏飞,句法学和语义学,2017,第2期,"袁昱菡、匡鹏飞.“不料”的超预期功能及主观性[J].澳门语言学刊,2017年第2期."
79,汉语重叠的语法作用和重叠式的语法意义,秦宇,句法学和语义学,2017,第2期,"秦宇.汉语重叠的语法作用和重叠式的语法意义[J].澳门语言学刊,2017年第2期."
80,特征的叠加与塌缩,朱文清,句法学和语义学,2017,第2期,"朱文清.特征的叠加与塌缩[J].澳门语言学刊,2017年第2期."
81,“将来”“未来”的句法语义异同,彭彬,句法学和语义学,2017,第2期,"彭彬.“将来”“未来”的句法语义异同[J].澳门语言学刊,2017年第2期."
82,副词“至少”语法化的连续环境考察,陈月,句法学和语义学,2018,第1期,"陈月.副词“至少”语法化的连续环境考察[J].澳门语言学刊,2018年第1期."
83,网络语境中“一+枚[+饰人]”使用特点及其认知动因,罗耀华、罗琪翔,句法学和语义学,2018,第1期,"罗耀华、罗琪翔.网络语境中“一+枚[+饰人]”使用特点及其认知动因[J].澳门语言学刊,2018年第1期."
84,“要么p，要么q”句式探究,沈威,句法学和语义学,2018,第2期,"沈威.“要么p，要么q”句式探究[J].澳门语言学刊,2018年第2期."
85,汉语定语从句研究述评,白林倩、张磊,句法学和语义学,2018,第2期,"白林倩、张磊.汉语定语从句研究述评[J].澳门语言学刊,2018年第2期."
86,陈述性的“一个+NP”和“NP+一个”,于泳波,句法学和语义学,2018,第2期,"于泳波.陈述性的“一个+NP”和“NP+一个”[J].澳门语言学刊,2018年第2期."
87,苍南吴语的多功能词“起”,姜淑珍,句法学和语义学,2019,第1期,"姜淑珍.苍南吴语的多功能词“起”[J].澳门语言学刊,2019年第1期."
88,汉语准分裂句的定义和定位,张秀娟,句法学和语义学,2019,第1期,"张秀娟.汉语准分裂句的定义和定位[J].澳门语言学刊,2019年第1期."
89,汉语点线意象结构模式,郭攀、周韫琦,句法学和语义学,2019,第1期,"郭攀、周韫琦.汉语点线意象结构模式[J].澳门语言学刊,2019年第1期."
90,等级性与“差不多”和“几乎”的语义,段莎丽,句法学和语义学,2019,第2期,"段莎丽.等级性与“差不多”和“几乎”的语义[J].澳门语言学刊,2019年第2期."
91,温州方言的介趋结构,姜淑珍、史文磊,句法学和语义学,2020,第1期,"姜淑珍、史文磊.温州方言的介趋结构[J].澳门语言学刊,2020年第1期."
92,汉语情态动词结构的移位现象研究,胡波,句法学和语义学,2020,第1期,"胡波.汉语情态动词结构的移位现象研究[J].澳门语言学刊,2020年第1期."
93,时间复句的结构特点、形式标记及其在时间范畴中的地位,匡鹏飞、曹亚敏,句法学和语义学,2020,第1期,"匡鹏飞、曹亚敏.时间复句的结构特点、形式标记及其在时间范畴中的地位[J].澳门语言学刊,2020年第1期."
94,客方言语法研究六十年选评,杨靖雯、石佩璇,句法学和语义学,2020,第1期,"杨靖雯、石佩璇.客方言语法研究六十年选评[J].澳门语言学刊,2020年第1期."
95,汉语方言“量名”结构研究综观,徐晓娴,句法学和语义学,2020,第2期,"徐晓娴.汉语方言“量名”结构研究综观[J].澳门语言学刊,2020年第2期."
96,西南官话的多功能语素“得”——从《华西官话汉法词典》说起,刘春华,句法学和语义学,2020,第2期,"刘春华.西南官话的多功能语素“得”——从《华西官话汉法词典》说起[J].澳门语言学刊,2020年第2期."
97,普遍语法理论植根于汉语泥土的创新发展与解释实践——《格位理论的发展及其解释力研究》评介,张磊、刘望冬,句法学和语义学,2020,第2期,"张磊、刘望冬.普遍语法理论植根于汉语泥土的创新发展与解释实践——《格位理论的发展及其解释力研究》评介[J].澳门语言学刊,2020年第2期."
98,晋语河南安阳方言假转连词“不”及来源考察,崔闪闪,句法学和语义学,2021,第1期,"崔闪闪.晋语河南安阳方言假转连词“不”及来源考察[J].澳门语言学刊,2021年第1期."
99,潮州方言“X+做+X”结构的语法化,洪妍、林华勇,句法学和语义学,2021,第1期,"洪妍、林华勇.潮州方言“X+做+X”结构的语法化[J].澳门语言学刊,2021年第1期."
100,东莞（企石）粤语的“阿NP”结构,刘燕婷,句法学和语义学,2021,第1期,"刘燕婷.东莞（企石）粤语的“阿NP”结构[J].澳门语言学刊,2021年第1期."
101,海口方言的有定“量名”结构,沈冰,句法学和语义学,2021,第1期,"沈冰.海口方言的有定“量名”结构[J].澳门语言学刊,2021年第1期."
102,山西榆次方言的语气词“来时”,任冰蕊,句法学和语义学,2021,第1期,"任冰蕊.山西榆次方言的语气词“来时”[J].澳门语言学刊,2021年第1期."
103,“看来/想来”话语标记的形成及其话语功能,罗耀华、余紫微,句法学和语义学,2021,第1期,"罗耀华、余紫微.“看来/想来”话语标记的形成及其话语功能[J].澳门语言学刊,2021年第1期."
104,从标题口号语言特区看汉语综合性语法特征的回归,罗堃,句法学和语义学,2021,第2期,"罗堃.从标题口号语言特区看汉语综合性语法特征的回归[J].澳门语言学刊,2021年第2期."
105,后附成分“是”的性质、功能与来源,谢晓明、梁凯,句法学和语义学,2021,第2期,"谢晓明、梁凯.后附成分“是”的性质、功能与来源[J].澳门语言学刊,2021年第2期."
106,汉语方言形态变音的类型及相关问题,耿丽君,句法学和语义学,2021,第2期,"耿丽君.汉语方言形态变音的类型及相关问题[J].澳门语言学刊,2021年第2期."
107,湖南新化方言的前置型话题标记“你个”和“以个”,罗耀华、阳羡琼,句法学和语义学,2022,第1期,"罗耀华、阳羡琼.湖南新化方言的前置型话题标记“你个”和“以个”[J].澳门语言学刊,2022年第1期."
108,反义形容词对假性比较级的适应性差异及其成因,谢梦雅、刘彬,句法学和语义学,2022,第1期,"谢梦雅、刘彬.反义形容词对假性比较级的适应性差异及其成因[J].澳门语言学刊,2022年第1期."
109,语言特区视野下的网络语言词类活用研究,吴雅云,句法学和语义学,2022,第1期,"吴雅云.语言特区视野下的网络语言词类活用研究[J].澳门语言学刊,2022年第1期."
110,从语言习得看“名词+们”的使用规律与限制,王浩铭、张和友,句法学和语义学,2022,第2期,"王浩铭、张和友.从语言习得看“名词+们”的使用规律与限制[J].澳门语言学刊,2022年第2期."
111,湘西苗语的述宾式“A+NP”结构及相关的语法理论,吴芳,句法学和语义学,2022,第2期,"吴芳.湘西苗语的述宾式“A+NP”结构及相关的语法理论[J].澳门语言学刊,2022年第2期."
112,“还是”选择问句及其在网络语言特区中的语用创新,张莹,句法学和语义学,2022,第2期,"张莹.“还是”选择问句及其在网络语言特区中的语用创新[J].澳门语言学刊,2022年第2期."
113,从网络语言特区再议“NP 了”的性质,张昀,句法学和语义学,2022,第2期,"张昀.从网络语言特区再议“NP 了”的性质[J].澳门语言学刊,2022年第2期."
114,韵律语法近年来的几个重要发展,冯胜利,句法学和语义学,2023,第1期,"冯胜利.韵律语法近年来的几个重要发展[J].澳门语言学刊,2023年第1期."
115,语境中后件为真式条件句的语用和语义,璩凤魁、秦颁,句法学和语义学,2023,第1期,"璩凤魁、秦颁.语境中后件为真式条件句的语用和语义[J].澳门语言学刊,2023年第1期."
116,赣州方言的差比评价构式“比得X 是Y”,彭薇,句法学和语义学,2023,第1期,"彭薇.赣州方言的差比评价构式“比得X 是Y”[J].澳门语言学刊,2023年第1期."
117,情态句中极项“任何”和“什么”的允准机制,翁钰婷、陈莉,句法学和语义学,2023,第1期,"翁钰婷、陈莉.情态句中极项“任何”和“什么”的允准机制[J].澳门语言学刊,2023年第1期."
118,致果副词“不免”的话语关联与语义提取,冯啸、赵春利,句法学和语义学,2023,第1期,"冯啸、赵春利.致果副词“不免”的话语关联与语义提取[J].澳门语言学刊,2023年第1期."
119,同素逆序词“来到”和“到来”的语法研究,赖丽琴、朱其智,句法学和语义学,2023,第1期,"赖丽琴、朱其智.同素逆序词“来到”和“到来”的语法研究[J].澳门语言学刊,2023年第1期."
120,纯粹构式语法及其对汉语语法研究的启示,陆镜光、贺晓玲,句法学和语义学,2023,第2期,"陆镜光、贺晓玲.纯粹构式语法及其对汉语语法研究的启示[J].澳门语言学刊,2023年第2期."
121,程度、量级和“有+名”结构的语义分析,李强,句法学和语义学,2023,第2期,"李强.程度、量级和“有+名”结构的语义分析[J].澳门语言学刊,2023年第2期."
122,反预期话语标记“都”的语义语用特征,钟华,句法学和语义学,2023,第2期,"钟华.反预期话语标记“都”的语义语用特征[J].澳门语言学刊,2023年第2期."
123,语义地图模型在汉语方言语法研究中的新进展,邓秋玲,句法学和语义学,2023,第2期,"邓秋玲.语义地图模型在汉语方言语法研究中的新进展[J].澳门语言学刊,2023年第2期."
124,汉语复句研究的新思路——《语言分析之汉语复句篇》述介,王玉红、宋晖,句法学和语义学,2023,第2期,"王玉红、宋晖.汉语复句研究的新思路——《语言分析之汉语复句篇》述介[J].澳门语言学刊,2023年第2期."
125,从字词朗读的评估中看粤方言区人常犯的语音错误,张励妍,语音学与音系学,2002,总第18/19 期,"张励妍.从字词朗读的评估中看粤方言区人常犯的语音错误[J].澳门语言学刊,2002年总第18/19 期."
126,关于重叠词语的朗读,严娜,语音学与音系学,2002,总第18/19 期,"严娜.关于重叠词语的朗读[J].澳门语言学刊,2002年总第18/19 期."
127,语音模式对摹声词的制约,【韩】李玄玉,语音学与音系学,2003,总第20/21 期,"【韩】李玄玉.语音模式对摹声词的制约[J].澳门语言学刊,2003年总第20/21 期."
128,语音在口语交际中的作用,杜宝莲,语音学与音系学,2003,总第20/21 期,"杜宝莲.语音在口语交际中的作用[J].澳门语言学刊,2003年总第20/21 期."
129,博白新田镇村头客话语音特点,陈晓锦,语音学与音系学,2003,总第20/21期,"陈晓锦.博白新田镇村头客话语音特点[J].澳门语言学刊,2003年总第20/21期."
130,山束沂水方言的声韵特点,赵敏,语音学与音系学,2004,总第26 期,"赵敏.山束沂水方言的声韵特点[J].澳门语言学刊,2004年总第26 期."
131,《韶学集成》音韵价值研究,王进安,语音学与音系学,2004,总第27 期,"王进安.《韶学集成》音韵价值研究[J].澳门语言学刊,2004年总第27 期."
132,Labial-labial Co-occurrence Constraint in Cantonese,Hongming Zhang,语音学与音系学,2008,总第31/32 期,"Hongming Zhang.Labial-labial Co-occurrence Constraint in Cantonese[J].澳门语言学刊,2008年总第31/32 期."
133,广西八步八都话的“先长闭元音”,麦耘,语音学与音系学,2008,总第31/32 期,"麦耘.广西八步八都话的“先长闭元音”[J].澳门语言学刊,2008年总第31/32 期."
134,Monosyllabicity and Disyllabicity in Chinese Prosodic Morphology,Shengli Feng,语音学与音系学,2009,第1期,"Shengli Feng.Monosyllabicity and Disyllabicity in Chinese Prosodic Morphology[J].澳门语言学刊,2009年第1期."
135,古知庄章三组声母在汾西方言中的演变,乔全生、王为民,语音学与音系学,2009,第2期,"乔全生、王为民.古知庄章三组声母在汾西方言中的演变[J].澳门语言学刊,2009年第2期."
136,《广韵》版本间比较——江教版《宋本广韵》读后,桑宇红,语音学与音系学,2010,第1期,"桑宇红.《广韵》版本间比较——江教版《宋本广韵》读后[J].澳门语言学刊,2010年第1期."
137,浅论北京话的“吃文断字”现象,孔庆东,语音学与音系学,2011,第1期,"孔庆东.浅论北京话的“吃文断字”现象[J].澳门语言学刊,2011年第1期."
138,再说“开合等呼”,张振兴,语音学与音系学,2011,第1期,"张振兴.再说“开合等呼”[J].澳门语言学刊,2011年第1期."
139,汉语方言调型特征研究,王莉宁,语音学与音系学,2014,第2期,"王莉宁.汉语方言调型特征研究[J].澳门语言学刊,2014年第2期."
140,闽语“嵗”的文白异读,孙顺,语音学与音系学,2015,第1期,"孙顺.闽语“嵗”的文白异读[J].澳门语言学刊,2015年第1期."
141,苏北方言古非敷奉母的读音及演变,冯青青,语音学与音系学,2015,第2期,"冯青青.苏北方言古非敷奉母的读音及演变[J].澳门语言学刊,2015年第2期."
142,羌语支诸语言的声调、韵律和语气词,陈鑫海,语音学与音系学,2016,第1期,"陈鑫海.羌语支诸语言的声调、韵律和语气词[J].澳门语言学刊,2016年第1期."
143,山东章丘方言的轻声前变调及所反映的现象,赵学玲,语音学与音系学,2016,第2期,"赵学玲.山东章丘方言的轻声前变调及所反映的现象[J].澳门语言学刊,2016年第2期."
144,江沙维《汉洋合字汇》音系性质探讨,艾溢芳,语音学与音系学,2016,第2期,"艾溢芳.江沙维《汉洋合字汇》音系性质探讨[J].澳门语言学刊,2016年第2期."
145,汉语方言节奏的声学特征,林华,语音学与音系学,2017,第2期,"林华.汉语方言节奏的声学特征[J].澳门语言学刊,2017年第2期."
146,桐城话双音节轻声词连调初探,孙顺,语音学与音系学,2017,第2期,"孙顺.桐城话双音节轻声词连调初探[J].澳门语言学刊,2017年第2期."
147,从语音史角度看现代广州话韵母的音系归纳,李德超,语音学与音系学,2017,第2期,"李德超.从语音史角度看现代广州话韵母的音系归纳[J].澳门语言学刊,2017年第2期."
148,河南修武（郇封）方言的名词变韵,刘丹丹,语音学与音系学,2018,第2期,"刘丹丹.河南修武（郇封）方言的名词变韵[J].澳门语言学刊,2018年第2期."
149,韵律对黄梅戏唱词的影响,张莹,语音学与音系学,2018,第2期,"张莹.韵律对黄梅戏唱词的影响[J].澳门语言学刊,2018年第2期."
150,北部吴语次浊字读入阴调现象的探讨,姜晓芳,语音学与音系学,2018,第2期,"姜晓芳.北部吴语次浊字读入阴调现象的探讨[J].澳门语言学刊,2018年第2期."
151,绍兴（柯桥）方言声调的声学和感知研究,周怿培、张帆,语音学与音系学,2019,第2期,"周怿培、张帆.绍兴（柯桥）方言声调的声学和感知研究[J].澳门语言学刊,2019年第2期."
152,论梵汉对音的时代性,梁慧婧,语音学与音系学,2020,第1期,"梁慧婧.论梵汉对音的时代性[J].澳门语言学刊,2020年第1期."
153,福建漳平赤水方言两字组连读变调,陈宝贤,语音学与音系学,2021,第1期,"陈宝贤.福建漳平赤水方言两字组连读变调[J].澳门语言学刊,2021年第1期."
154,广西桂林市雁山区雁山镇（竹园村）土话语音特点,赵媛,语音学与音系学,2021,第1期,"赵媛.广西桂林市雁山区雁山镇（竹园村）土话语音特点[J].澳门语言学刊,2021年第1期."
155,昆剧老生和小丑情感念白声学特征比较,董理、陈奕瑜,语音学与音系学,2021,第1期,"董理、陈奕瑜.昆剧老生和小丑情感念白声学特征比较[J].澳门语言学刊,2021年第1期."
156,广东罗定（素龙）?古话音系特征及同音字汇,李华琛、黄彦凯,语音学与音系学,2021,第2期,"李华琛、黄彦凯.广东罗定（素龙）?古话音系特征及同音字汇[J].澳门语言学刊,2021年第2期."
157,清末民初国音的建构理念与音系模式,王继超,语音学与音系学,2022,第1期,"王继超.清末民初国音的建构理念与音系模式[J].澳门语言学刊,2022年第1期."
158,语音形式删除的汉语研究综述,倪广妍、李心敬,语音学与音系学,2022,第2期,"倪广妍、李心敬.语音形式删除的汉语研究综述[J].澳门语言学刊,2022年第2期."
159,源自葡语的借词和译词,老志钧,词汇学与辞书学,1996,总第2/3期,"老志钧.源自葡语的借词和译词[J].澳门语言学刊,1996年总第2/3期."
160,澳门外来词简析,龙裕琛,词汇学与辞书学,1996,总第2/3期,"龙裕琛.澳门外来词简析[J].澳门语言学刊,1996年总第2/3期."
161,港澳词语探新,邵景滨,词汇学与辞书学,1996,总第2/3期,"邵景滨.港澳词语探新[J].澳门语言学刊,1996年总第2/3期."
162,“鸟”在现代粤语中用作骂人粗话的商榷,老志钧,词汇学与辞书学,1997,总第4/5期,"老志钧.“鸟”在现代粤语中用作骂人粗话的商榷[J].澳门语言学刊,1997年总第4/5期."
163,港澳粤方言新词探源,邓景滨,词汇学与辞书学,1997,总第4/5期,"邓景滨.港澳粤方言新词探源[J].澳门语言学刊,1997年总第4/5期."
164,双声与叠韵,向倩,词汇学与辞书学,1998,总第6/7期,"向倩.双声与叠韵[J].澳门语言学刊,1998年总第6/7期."
165,同素逆序词的范围、成因及其修辞功能,章汝为,词汇学与辞书学,1998,总第6/7期,"章汝为.同素逆序词的范围、成因及其修辞功能[J].澳门语言学刊,1998年总第6/7期."
166,孙勿恐、朱无能、杀勿敬—从谐音指义看《西游记》的反皇思想,靳青万,词汇学与辞书学,1998,总第6/7期,"靳青万.孙勿恐、朱无能、杀勿敬—从谐音指义看《西游记》的反皇思想[J].澳门语言学刊,1998年总第6/7期."
167,港澳新词语的思考,邓景滨,词汇学与辞书学,1998,总第6/7期,"邓景滨.港澳新词语的思考[J].澳门语言学刊,1998年总第6/7期."
168,港澳流行语浅析,龙裕琛,词汇学与辞书学,1998,总第6/7期,"龙裕琛.港澳流行语浅析[J].澳门语言学刊,1998年总第6/7期."
169,澳门博彩隐语研究,邵朝阳,词汇学与辞书学,2000,总第10/11期,"邵朝阳.澳门博彩隐语研究[J].澳门语言学刊,2000年总第10/11期."
170,港澳两地新闻标题的动词比较初探,邹嘉彦、钱志安,词汇学与辞书学,2000,总第10/11期,"邹嘉彦、钱志安.港澳两地新闻标题的动词比较初探[J].澳门语言学刊,2000年总第10/11期."
171,浅论港澳新词语的产生与使用,龙裕琛,词汇学与辞书学,2002,总第16/17期,"龙裕琛.浅论港澳新词语的产生与使用[J].澳门语言学刊,2002年总第16/17期."
172,白语对联研究,余德泉,词汇学与辞书学,2002,总第16/17期,"余德泉.白语对联研究[J].澳门语言学刊,2002年总第16/17期."
173,论理据性原则在异形词整理中的优选地位,崔蕊,词汇学与辞书学,2003,总第20/21期,"崔蕊.论理据性原则在异形词整理中的优选地位[J].澳门语言学刊,2003年总第20/21期."
174,张家口地区地名初探,贺敏洁,词汇学与辞书学,2003,总第20/21期,"贺敏洁.张家口地区地名初探[J].澳门语言学刊,2003年总第20/21期."
175,《现代汉语方言大词典》“说”字条读后——关于分地词典如何处理“通用词”的一点想法,汪维辉,词汇学与辞书学,2008,总第31/32期,"汪维辉.《现代汉语方言大词典》“说”字条读后——关于分地词典如何处理“通用词”的一点想法[J].澳门语言学刊,2008年总第31/32期."
176,“汉语”与“近代”——置身于东亚语境中的思考,沈国威,词汇学与辞书学,2009,第1期,"沈国威.“汉语”与“近代”——置身于东亚语境中的思考[J].澳门语言学刊,2009年第1期."
177,马礼逊《英汉字典》初探,刘羡冰,词汇学与辞书学,2009,第1期,"刘羡冰.马礼逊《英汉字典》初探[J].澳门语言学刊,2009年第1期."
178,有关同族词研究的一点思考,董秀芳,词汇学与辞书学,2009,第1期,"董秀芳.有关同族词研究的一点思考[J].澳门语言学刊,2009年第1期."
179,“呛声”的音义分析,邵朝阳,词汇学与辞书学,2009,第1期,"邵朝阳.“呛声”的音义分析[J].澳门语言学刊,2009年第1期."
180,复合词的内容形式,王艾录,词汇学与辞书学,2009,第1期,"王艾录.复合词的内容形式[J].澳门语言学刊,2009年第1期."
181,现代汉语术语增多的趋势及其原因,孙彩惠、张志毅,词汇学与辞书学,2009,第1期,"孙彩惠、张志毅.现代汉语术语增多的趋势及其原因[J].澳门语言学刊,2009年第1期."
182,理论与实践完美的结合——王力先生对现代辞书的贡献,曹先擢,词汇学与辞书学,2009,第2期,"曹先擢.理论与实践完美的结合——王力先生对现代辞书的贡献[J].澳门语言学刊,2009年第2期."
183,英汉日对照词汇学术词语表,王铭字,词汇学与辞书学,2009,第2期,"王铭字.英汉日对照词汇学术词语表[J].澳门语言学刊,2009年第2期."
184,词汇、意象与文化历史的互动——以“乌”的词汇意象之历史嬗变为例,李东辉,词汇学与辞书学,2009,第2期,"李东辉.词汇、意象与文化历史的互动——以“乌”的词汇意象之历史嬗变为例[J].澳门语言学刊,2009年第2期."
185,论现代汉语典故词语字面义与实际义的联系,唐子恒,词汇学与辞书学,2009,第2期,"唐子恒.论现代汉语典故词语字面义与实际义的联系[J].澳门语言学刊,2009年第2期."
186,语音、文字特点对词汇发展的影响,张彤,词汇学与辞书学,2009,第2期,"张彤.语音、文字特点对词汇发展的影响[J].澳门语言学刊,2009年第2期."
187,“赤鼻”与“赤壁”,汪化云,词汇学与辞书学,2009,第2期,"汪化云.“赤鼻”与“赤壁”[J].澳门语言学刊,2009年第2期."
188,词语本质的多维诠释和词汇理论的立体建构——《从认知到哲学：汉语词汇研究的新思考》读后,匡鹏飞,词汇学与辞书学,2009,第2期,"匡鹏飞.词语本质的多维诠释和词汇理论的立体建构——《从认知到哲学：汉语词汇研究的新思考》读后[J].澳门语言学刊,2009年第2期."
189,中日委婉语对比研究初探,黄力游、林翠芳,词汇学与辞书学,2009,第2期,"黄力游、林翠芳.中日委婉语对比研究初探[J].澳门语言学刊,2009年第2期."
190,说“潮语”,程祥徽,词汇学与辞书学,2010,第1期,"程祥徽.说“潮语”[J].澳门语言学刊,2010年第1期."
191,舰船前后两端应作“艏艉”还是“首尾”？,周荐,词汇学与辞书学,2010,第1期,"周荐.舰船前后两端应作“艏艉”还是“首尾”？[J].澳门语言学刊,2010年第1期."
192,一部反映汉语词汇研究新成果的辞书——读《香港社区词词典》,詹伯慧,词汇学与辞书学,2010,第1期,"詹伯慧.一部反映汉语词汇研究新成果的辞书——读《香港社区词词典》[J].澳门语言学刊,2010年第1期."
193,说“敖包”来自“脑包”,张惠英,词汇学与辞书学,2010,第2期,"张惠英.说“敖包”来自“脑包”[J].澳门语言学刊,2010年第2期."
194,澳门法律条文的用词,龙裕琛,词汇学与辞书学,2011,第1期,"龙裕琛.澳门法律条文的用词[J].澳门语言学刊,2011年第1期."
195,海峡两岸尊称异同述略,汪化云,词汇学与辞书学,2011,第1期,"汪化云.海峡两岸尊称异同述略[J].澳门语言学刊,2011年第1期."
196,“非物质文化遗产”等学术“潮语”名实混乱评议,谭世宝,词汇学与辞书学,2011,第2期,"谭世宝.“非物质文化遗产”等学术“潮语”名实混乱评议[J].澳门语言学刊,2011年第2期."
197,唐诗中“惊”的词义探析——兼谈《汉语大词典》、《辞源》释义的缺漏,郭伏良、夏淑云,词汇学与辞书学,2011,第2期,"郭伏良、夏淑云.唐诗中“惊”的词义探析——兼谈《汉语大词典》、《辞源》释义的缺漏[J].澳门语言学刊,2011年第2期."
198,月亮普方异称构词的计量研究——兼论普通话通称的优势,谢永芳,词汇学与辞书学,2012,第1期,"谢永芳.月亮普方异称构词的计量研究——兼论普通话通称的优势[J].澳门语言学刊,2012年第1期."
199,澳门娱乐名称语言文化分析,尹雪璐,词汇学与辞书学,2012,第1期,"尹雪璐.澳门娱乐名称语言文化分析[J].澳门语言学刊,2012年第1期."
200,“乳房”方言说法的修辞分析及相关问题,李小平,词汇学与辞书学,2012,第1期,"李小平.“乳房”方言说法的修辞分析及相关问题[J].澳门语言学刊,2012年第1期."
201,诗记台港澳新词,程祥徽,词汇学与辞书学,2012,第2期,"程祥徽.诗记台港澳新词[J].澳门语言学刊,2012年第2期."
202,日汉动物词汇的文化意蕴异同比较,林翠芳,词汇学与辞书学,2012,第2期,"林翠芳.日汉动物词汇的文化意蕴异同比较[J].澳门语言学刊,2012年第2期."
203,《现汉》总第6 版释义修订的力度与特色,张博,词汇学与辞书学,2012,第2期,"张博.《现汉》总第6 版释义修订的力度与特色[J].澳门语言学刊,2012年第2期."
204,《全国各界切口大词典》的内容、版本及影响,邵燕梅,词汇学与辞书学,2012,第2期,"邵燕梅.《全国各界切口大词典》的内容、版本及影响[J].澳门语言学刊,2012年第2期."
205,当“邂逅”邂逅“薢茩”,张虹倩,词汇学与辞书学,2012,第2期,"张虹倩.当“邂逅”邂逅“薢茩”[J].澳门语言学刊,2012年第2期."
206,谈汉语单音节词的双音节化问题——以十二生肖词为例,戚晓杰、金欣,词汇学与辞书学,2013,第1期,"戚晓杰、金欣.谈汉语单音节词的双音节化问题——以十二生肖词为例[J].澳门语言学刊,2013年第1期."
207,汉语词语的尺度义场及其词义阐释作用,张道生、曹儒、董宏,词汇学与辞书学,2013,第1期,"张道生、曹儒、董宏.汉语词语的尺度义场及其词义阐释作用[J].澳门语言学刊,2013年第1期."
208,编年本与多年文本新词语词典中的“旧词新义”与“同形新词”——以《2006 汉语新词语》系列词典与《新革新词语词典》为例,曾柱,词汇学与辞书学,2013,第1期,"曾柱.编年本与多年文本新词语词典中的“旧词新义”与“同形新词”——以《2006 汉语新词语》系列词典与《新革新词语词典》为例[J].澳门语言学刊,2013年第1期."
209,论汉语词典收录字母的正当性,邹玉华,词汇学与辞书学,2013,第1期,"邹玉华.论汉语词典收录字母的正当性[J].澳门语言学刊,2013年第1期."
210,汉韩同形异义汉字词词义差异成因探析,魏慧萍,词汇学与辞书学,2013,第1期,"魏慧萍.汉韩同形异义汉字词词义差异成因探析[J].澳门语言学刊,2013年第1期."
211,“平”、“靓”、“正”与现代粤语词汇的变异,黄坤尧,词汇学与辞书学,2013,第2期,"黄坤尧.“平”、“靓”、“正”与现代粤语词汇的变异[J].澳门语言学刊,2013年第2期."
212,对《现代汉语词典》第6 版所收“字母词”的思考,李新田、邵宇彤,词汇学与辞书学,2013,第2期,"李新田、邵宇彤.对《现代汉语词典》第6 版所收“字母词”的思考[J].澳门语言学刊,2013年第2期."
213,《乌鲁木齐方言词典》中附加法构成的三字格,王景荣、朱学佳,词汇学与辞书学,2013,第2期,"王景荣、朱学佳.《乌鲁木齐方言词典》中附加法构成的三字格[J].澳门语言学刊,2013年第2期."
214,类义词与词典的收词释义,王楠,词汇学与辞书学,2014,第1期,"王楠.类义词与词典的收词释义[J].澳门语言学刊,2014年第1期."
215,由“失联”谈网络中的缩略造词,白玉寒,词汇学与辞书学,2014,第2期,"白玉寒.由“失联”谈网络中的缩略造词[J].澳门语言学刊,2014年第2期."
216,介词并入与“V+给”类结构的词汇化,罗耀华、王焕,词汇学与辞书学,2014,第2期,"罗耀华、王焕.介词并入与“V+给”类结构的词汇化[J].澳门语言学刊,2014年第2期."
217,现代汉语“背”一词的多义体系分析,于泳波,词汇学与辞书学,2015,第2期,"于泳波.现代汉语“背”一词的多义体系分析[J].澳门语言学刊,2015年第2期."
218,“资”“赍”变韵构词研究,赵团员,词汇学与辞书学,2016,第1期,"赵团员.“资”“赍”变韵构词研究[J].澳门语言学刊,2016年第1期."
219,河南陕县方言亲属称谓的“合称”模式——兼论称谓形式的动态研究,张邱林,词汇学与辞书学,2016,第1期,"张邱林.河南陕县方言亲属称谓的“合称”模式——兼论称谓形式的动态研究[J].澳门语言学刊,2016年第1期."
220,安徽霍山话“父亲”称谓初探,曹东,词汇学与辞书学,2016,第2期,"曹东.安徽霍山话“父亲”称谓初探[J].澳门语言学刊,2016年第2期."
221,《汉语外来词词典》英源外来词研究,蒋淞宇,词汇学与辞书学,2016,第2期,"蒋淞宇.《汉语外来词词典》英源外来词研究[J].澳门语言学刊,2016年第2期."
222,四邑方言特征词研究,郑伟娜,词汇学与辞书学,2017,第1期,"郑伟娜.四邑方言特征词研究[J].澳门语言学刊,2017年第1期."
223,“尴尬”的读音和来源,罗言发,词汇学与辞书学,2017,第1期,"罗言发.“尴尬”的读音和来源[J].澳门语言学刊,2017年第1期."
224,流行语“走心”的词汇化,孙兴亮,词汇学与辞书学,2017,第1期,"孙兴亮.流行语“走心”的词汇化[J].澳门语言学刊,2017年第1期."
225,称谓词“老公”及相关问题,周怡帆、乔全生,词汇学与辞书学,2017,第2期,"周怡帆、乔全生.称谓词“老公”及相关问题[J].澳门语言学刊,2017年第2期."
226,挖掘义动词“掘、创、挖”之历时演变与南北地域分布,任鹏波,词汇学与辞书学,2018,第1期,"任鹏波.挖掘义动词“掘、创、挖”之历时演变与南北地域分布[J].澳门语言学刊,2018年第1期."
227,汉语方言中的“掌”与“着”,苏俊波,词汇学与辞书学,2018,第1期,"苏俊波.汉语方言中的“掌”与“着”[J].澳门语言学刊,2018年第1期."
228,结球甘蓝异名研究,徐媛,词汇学与辞书学,2019,第1期,"徐媛.结球甘蓝异名研究[J].澳门语言学刊,2019年第1期."
229,从空间到时间：身体部位词语的时间表达研究,罗耀华、段宇,词汇学与辞书学,2019,第2期,"罗耀华、段宇.从空间到时间：身体部位词语的时间表达研究[J].澳门语言学刊,2019年第2期."
230,中外古今荟萃的澳门谚语,张卓夫,词汇学与辞书学,2019,第2期,"张卓夫.中外古今荟萃的澳门谚语[J].澳门语言学刊,2019年第2期."
231,社区词入典,田小琳,词汇学与辞书学,2019,第2期,"田小琳.社区词入典[J].澳门语言学刊,2019年第2期."
232,汉语谚语中的“叠用”类别与特点,耿国锋,词汇学与辞书学,2020,第2期,"耿国锋.汉语谚语中的“叠用”类别与特点[J].澳门语言学刊,2020年第2期."
233,“人类命运共同体”是“拟人隐喻”吗？,尹洪波,词汇学与辞书学,2020,第2期,"尹洪波.“人类命运共同体”是“拟人隐喻”吗？[J].澳门语言学刊,2020年第2期."
234,白维国本《近代汉语词典》商榷六题,崔山佳,词汇学与辞书学,2020,第2期,"崔山佳.白维国本《近代汉语词典》商榷六题[J].澳门语言学刊,2020年第2期."
235,大数据背景下《澳门日报》与《北京日报》标题中高频名词的差异研究,沈威、白林倩,词汇学与辞书学,2020,第2期,"沈威、白林倩.大数据背景下《澳门日报》与《北京日报》标题中高频名词的差异研究[J].澳门语言学刊,2020年第2期."
236,山西晋语离石方言的“弭”,杨炎华、李彦霞,词汇学与辞书学,2021,第1期,"杨炎华、李彦霞.山西晋语离石方言的“弭”[J].澳门语言学刊,2021年第1期."
237,“X 点”的词汇化,殷志纯、姚双云,词汇学与辞书学,2021,第2期,"殷志纯、姚双云.“X 点”的词汇化[J].澳门语言学刊,2021年第2期."
238,从方言角度观察《现汉》《规范词典》释义三则,吴继章、杨同用,词汇学与辞书学,2022,第1期,"吴继章、杨同用.从方言角度观察《现汉》《规范词典》释义三则[J].澳门语言学刊,2022年第1期."
239,类词缀“非”“无”的特性与中文信息处理及词典释义的相关问题,宁瑶瑶,词汇学与辞书学,2022,第1期,"宁瑶瑶.类词缀“非”“无”的特性与中文信息处理及词典释义的相关问题[J].澳门语言学刊,2022年第1期."
240,语言特区里的网络新成语,杨勇,词汇学与辞书学,2022,第1期,"杨勇.语言特区里的网络新成语[J].澳门语言学刊,2022年第1期."
241,网络流行语“破防”的语义转变和隐喻机制,刘其琛,词汇学与辞书学,2022,第2期,"刘其琛.网络流行语“破防”的语义转变和隐喻机制[J].澳门语言学刊,2022年第2期."
242,“仙人跳”的演变及其词汇化,杨锦,词汇学与辞书学,2022,第2期,"杨锦.“仙人跳”的演变及其词汇化[J].澳门语言学刊,2022年第2期."
243,新闻标题常用词“被指”探析,陈禹,词汇学与辞书学,2023,第1期,"陈禹.新闻标题常用词“被指”探析[J].澳门语言学刊,2023年第1期."
244,风格学的基本概念,高名凯,修辞学与语用学,1995,总第1期,"高名凯.风格学的基本概念[J].澳门语言学刊,1995年总第1期."
245,深化理论加强应用——“修辞理论与应用国际研讨会”纪要,沈年,修辞学与语用学,1995,总第1期,"沈年.深化理论加强应用——“修辞理论与应用国际研讨会”纪要[J].澳门语言学刊,1995年总第1期."
246,五洲华人参与的修辞实践,程祥徽,修辞学与语用学,1995,总第1期,"程祥徽.五洲华人参与的修辞实践[J].澳门语言学刊,1995年总第1期."
247,《聊斋志异》的命题艺术,邓景滨,修辞学与语用学,1995,总第1期,"邓景滨.《聊斋志异》的命题艺术[J].澳门语言学刊,1995年总第1期."
248,言之无文，行之不远,蒋绍愚,修辞学与语用学,1996,总第2/3期,"蒋绍愚.言之无文，行之不远[J].澳门语言学刊,1996年总第2/3期."
249,语言架起传意的桥梁,程祥徽,修辞学与语用学,1996,总第2/3期,"程祥徽.语言架起传意的桥梁[J].澳门语言学刊,1996年总第2/3期."
250,从修辞的观点看非规范的“有”字句,林万菁,修辞学与语用学,1998,总第6/7期,"林万菁.从修辞的观点看非规范的“有”字句[J].澳门语言学刊,1998年总第6/7期."
251,新媒介与语言变迁,尹德刚,修辞学与语用学,1998,总第6/7期,"尹德刚.新媒介与语言变迁[J].澳门语言学刊,1998年总第6/7期."
252,香港中文报刊的语文探新,黄坤亮,修辞学与语用学,1998,总第6/7期,"黄坤亮.香港中文报刊的语文探新[J].澳门语言学刊,1998年总第6/7期."
253,世纪之交报刊语言的变化趋向,谭汝为,修辞学与语用学,2002,总第16/17期,"谭汝为.世纪之交报刊语言的变化趋向[J].澳门语言学刊,2002年总第16/17期."
254,Group μ修辞理论述评,李晗蕾,修辞学与语用学,2003,总第20/21期,"李晗蕾.Group μ修辞理论述评[J].澳门语言学刊,2003年总第20/21期."
255,“悦耳的”老舍——论老舍作品的音乐美,范亦豪,修辞学与语用学,2003,总第22/23期,"范亦豪.“悦耳的”老舍——论老舍作品的音乐美[J].澳门语言学刊,2003年总第22/23期."
256,孔子那里就有言语美,程祥徽,修辞学与语用学,2003,总第22/23期,"程祥徽.孔子那里就有言语美[J].澳门语言学刊,2003年总第22/23期."
257,辞章学研究的回顾与前瞻（大纲）,郑颐寿,修辞学与语用学,2003,总第22/23期,"郑颐寿.辞章学研究的回顾与前瞻（大纲）[J].澳门语言学刊,2003年总第22/23期."
258,“广义修辞学”的佳作——评介《辞章学论稿》,林承璋,修辞学与语用学,2003,总第22/23期,"林承璋.“广义修辞学”的佳作——评介《辞章学论稿》[J].澳门语言学刊,2003年总第22/23期."
259,试论复句与章法,仇小屏,修辞学与语用学,2003,总第22/23期,"仇小屏.试论复句与章法[J].澳门语言学刊,2003年总第22/23期."
260,论修辞要善于倾听,林兴仁,修辞学与语用学,2003,总第22/23期,"林兴仁.论修辞要善于倾听[J].澳门语言学刊,2003年总第22/23期."
261,从章回小说回目谈修辞学与语用学的重合面,郑铁生,修辞学与语用学,2003,总第22/23期,"郑铁生.从章回小说回目谈修辞学与语用学的重合面[J].澳门语言学刊,2003年总第22/23期."
262,病辞应成为修辞学的研究对象,程国珍,修辞学与语用学,2003,总第22/23期,"程国珍.病辞应成为修辞学的研究对象[J].澳门语言学刊,2003年总第22/23期."
263,庄子的语言艺术,何淑贞,修辞学与语用学,2003,总第24/25期,"何淑贞.庄子的语言艺术[J].澳门语言学刊,2003年总第24/25期."
264,反义正说与正义反说,沈谦,修辞学与语用学,2003,总第24/25期,"沈谦.反义正说与正义反说[J].澳门语言学刊,2003年总第24/25期."
265,论语体词,袁晖,修辞学与语用学,2003,总第24/25期,"袁晖.论语体词[J].澳门语言学刊,2003年总第24/25期."
266,语体与句子选择,孟建安,修辞学与语用学,2003,总第24/25期,"孟建安.语体与句子选择[J].澳门语言学刊,2003年总第24/25期."
267,修辞学语境与语用学语境的异同,张宗正,修辞学与语用学,2003,总第24/25期,"张宗正.修辞学语境与语用学语境的异同[J].澳门语言学刊,2003年总第24/25期."
268,谐易：为港澳语言添采,邓景滨,修辞学与语用学,2004,总第26期,"邓景滨.谐易：为港澳语言添采[J].澳门语言学刊,2004年总第26期."
269,论仿拟与社会的“共变”轨迹,徐国珍,修辞学与语用学,2004,总第26期,"徐国珍.论仿拟与社会的“共变”轨迹[J].澳门语言学刊,2004年总第26期."
270,计算机网络内外的语言生活与规范刍议—网络语言现象评论,曲彦斌,修辞学与语用学,2004,总第27 期,"曲彦斌.计算机网络内外的语言生活与规范刍议—网络语言现象评论[J].澳门语言学刊,2004年总第27 期."
271,澳门法律条文的用词,龙裕琛,修辞学与语用学,2004,总第27 期,"龙裕琛.澳门法律条文的用词[J].澳门语言学刊,2004年总第27 期."
272,郑远汉修辞学思想评价,肖元珍、彭学修,修辞学与语用学,2004,总第27 期,"肖元珍、彭学修.郑远汉修辞学思想评价[J].澳门语言学刊,2004年总第27 期."
273,我吃饭≠我买书≠我修车≠我理发,刘春卉,修辞学与语用学,2004,总第27 期,"刘春卉.我吃饭≠我买书≠我修车≠我理发[J].澳门语言学刊,2004年总第27 期."
274,小议人名在网络中的变异现象,吕长凤,修辞学与语用学,2008,总第31/32期,"吕长凤.小议人名在网络中的变异现象[J].澳门语言学刊,2008年总第31/32期."
275,从礼貌原则看中国的广告语言,高军青,修辞学与语用学,2008,总第31/32期,"高军青.从礼貌原则看中国的广告语言[J].澳门语言学刊,2008年总第31/32期."
276,应对形式的分析研究,韩玉华,修辞学与语用学,2009,第2期,"韩玉华.应对形式的分析研究[J].澳门语言学刊,2009年第2期."
277,消遣娱乐类短信语言中的偏离,赵雪、路越,修辞学与语用学,2009,第2期,"赵雪、路越.消遣娱乐类短信语言中的偏离[J].澳门语言学刊,2009年第2期."
278,身份名片中通名与专名的排序及其相关问题论略,崔显军,修辞学与语用学,2010,第1期,"崔显军.身份名片中通名与专名的排序及其相关问题论略[J].澳门语言学刊,2010年第1期."
279,互文辞格发现考论,刘斐,修辞学与语用学,2014,第1期,"刘斐.互文辞格发现考论[J].澳门语言学刊,2014年第1期."
280,标点符号的使用和歇后语的语言特征,陈长书,修辞学与语用学,2015,第2期,"陈长书.标点符号的使用和歇后语的语言特征[J].澳门语言学刊,2015年第2期."
281,流行称谓语“情移”现象的社会调查与语用伸缩律,王攸然,修辞学与语用学,2018,第1期,"王攸然.流行称谓语“情移”现象的社会调查与语用伸缩律[J].澳门语言学刊,2018年第1期."
282,论网络流行新语体,杨勇,修辞学与语用学,2018,第2期,"杨勇.论网络流行新语体[J].澳门语言学刊,2018年第2期."
283,辞格审美千载史，修辞撷玉百年心——简评《中国辞格审美史》,杨爱姣,修辞学与语用学,2019,第2期,"杨爱姣.辞格审美千载史，修辞撷玉百年心——简评《中国辞格审美史》[J].澳门语言学刊,2019年第2期."
284,粤语体育解说的研究价值,李菲,修辞学与语用学,2020,第1期,"李菲.粤语体育解说的研究价值[J].澳门语言学刊,2020年第1期."
285,外交文书的评价资源及其韵律模式分析,刘锐,修辞学与语用学,2020,第2期,"刘锐.外交文书的评价资源及其韵律模式分析[J].澳门语言学刊,2020年第2期."
286,互动语言学三人谈,方梅、乐耀、方迪,修辞学与语用学,2023,第1期,"方梅、乐耀、方迪.互动语言学三人谈[J].澳门语言学刊,2023年第1期."
287,澳门的文化定位及其特殊功能,魏美昌,语言接触与语言变异,1996,总第2/3期,"魏美昌.澳门的文化定位及其特殊功能[J].澳门语言学刊,1996年总第2/3期."
288,澳门跨文化传意中的几个问题,盛炎,语言接触与语言变异,1996,总第2/3期,"盛炎.澳门跨文化传意中的几个问题[J].澳门语言学刊,1996年总第2/3期."
289,方言的离合与汉语在澳门的走向,程祥徽,语言接触与语言变异,1997,总第4/5期,"程祥徽.方言的离合与汉语在澳门的走向[J].澳门语言学刊,1997年总第4/5期."
290,方言：语言演变的向心力与离心力,丁启阵,语言接触与语言变异,1997,总第4/5期,"丁启阵.方言：语言演变的向心力与离心力[J].澳门语言学刊,1997年总第4/5期."
291,方言和共同语的产生及发展趋势,许亦峰,语言接触与语言变异,1997,总第4/5期,"许亦峰.方言和共同语的产生及发展趋势[J].澳门语言学刊,1997年总第4/5期."
292,方言的形成,董海敏,语言接触与语言变异,1997,总第4/5期,"董海敏.方言的形成[J].澳门语言学刊,1997年总第4/5期."
293,方言向共同语的过渡,郑重庆,语言接触与语言变异,1997,总第4/5期,"郑重庆.方言向共同语的过渡[J].澳门语言学刊,1997年总第4/5期."
294,方言与共同语不应存在对抗,郑宁人,语言接触与语言变异,1997,总第4/5期,"郑宁人.方言与共同语不应存在对抗[J].澳门语言学刊,1997年总第4/5期."
295,华语特有词语：新加坡社会写真,汪惠迪,语言接触与语言变异,1998,总第6/7期,"汪惠迪.华语特有词语：新加坡社会写真[J].澳门语言学刊,1998年总第6/7期."
296,语言间的相互影响与汉语新词语新语法的産生,张卓夫,语言接触与语言变异,1998,总第6/7期,"张卓夫.语言间的相互影响与汉语新词语新语法的産生[J].澳门语言学刊,1998年总第6/7期."
297,“一国两制”的语言使用问题——社会语言学研究的新课题,戴庆厦,语言接触与语言变异,1999,总第8/9期,"戴庆厦.“一国两制”的语言使用问题——社会语言学研究的新课题[J].澳门语言学刊,1999年总第8/9期."
298,巴西Macau 与缅甸Macao,邓景滨,语言接触与语言变异,1999,总第8/9期,"邓景滨.巴西Macau 与缅甸Macao[J].澳门语言学刊,1999年总第8/9期."
299,二十世纪汉语方言的发展变化——历史和地域的角度,曹志耘,语言接触与语言变异,2000,总第10/11期,"曹志耘.二十世纪汉语方言的发展变化——历史和地域的角度[J].澳门语言学刊,2000年总第10/11期."
300,香港回归前的“语文革命”和“港式中文”的命运——兼谈近现代中国语言的发展和香港地区语言的演变,施铁,语言接触与语言变异,2002,总第16/17期,"施铁.香港回归前的“语文革命”和“港式中文”的命运——兼谈近现代中国语言的发展和香港地区语言的演变[J].澳门语言学刊,2002年总第16/17期."
301,在中朝鲜族的双语现象研究,朴胤朝,语言接触与语言变异,2002,总第16/17期,"朴胤朝.在中朝鲜族的双语现象研究[J].澳门语言学刊,2002年总第16/17期."
302,社会语言学的道路越走越宽广,张建华、邵朝阳,语言接触与语言变异,2003,总第24/25期,"张建华、邵朝阳.社会语言学的道路越走越宽广[J].澳门语言学刊,2003年总第24/25期."
303,西北地方汉语方言研究刍议,侯精一,语言接触与语言变异,2003,总第24/25期,"侯精一.西北地方汉语方言研究刍议[J].澳门语言学刊,2003年总第24/25期."
304,从地名看亚洲地区的语言接触,张惠英,语言接触与语言变异,2008,总第31/32期,"张惠英.从地名看亚洲地区的语言接触[J].澳门语言学刊,2008年总第31/32期."
305,耿马景颇语的语言活力,戴庆厦、蒋颖、乔翔、朱艳华,语言接触与语言变异,2010,第1期,"戴庆厦、蒋颖、乔翔、朱艳华.耿马景颇语的语言活力[J].澳门语言学刊,2010年第1期."
306,论台湾华语的在地化,何万顺,语言接触与语言变异,2010,第1期,"何万顺.论台湾华语的在地化[J].澳门语言学刊,2010年第1期."
307,东干语、汉语乌鲁木齐方言时体·语气助词“呢”的语气意义,王景荣,语言接触与语言变异,2010,第1期,"王景荣.东干语、汉语乌鲁木齐方言时体·语气助词“呢”的语气意义[J].澳门语言学刊,2010年第1期."
308,程祥徽教授访谈录：澳门的华语生活,梁沪东,语言接触与语言变异,2011,第1期,"梁沪东.程祥徽教授访谈录：澳门的华语生活[J].澳门语言学刊,2011年第1期."
309,一部研究新加坡语言及华语教学的力作——评吴英成的《汉语国际传播——新加坡视角》,赵永新,语言接触与语言变异,2011,第1期,"赵永新.一部研究新加坡语言及华语教学的力作——评吴英成的《汉语国际传播——新加坡视角》[J].澳门语言学刊,2011年第1期."
310,王力先生与汉语方言研究,张振兴,语言接触与语言变异,2011,第2期,"张振兴.王力先生与汉语方言研究[J].澳门语言学刊,2011年第2期."
311,“Cantonese Made Easy”的学术价值,蒋绍愚,语言接触与语言变异,2011,第2期,"蒋绍愚.“Cantonese Made Easy”的学术价值[J].澳门语言学刊,2011年第2期."
312,从澳门地区及街道名称的缩略现象看当地语言特点,汤翠兰,语言接触与语言变异,2012,第2期,"汤翠兰.从澳门地区及街道名称的缩略现象看当地语言特点[J].澳门语言学刊,2012年第2期."
313,回民话、汉民话、东干话比较研究刍议——为程祥徽学长八秩寿而作,侯精一,语言接触与语言变异,2013,第1期,"侯精一.回民话、汉民话、东干话比较研究刍议——为程祥徽学长八秩寿而作[J].澳门语言学刊,2013年第1期."
314,中外身体语言在澳门的融汇与传播,张卓夫,语言接触与语言变异,2013,第2期,"张卓夫.中外身体语言在澳门的融汇与传播[J].澳门语言学刊,2013年第2期."
315,惠河土话属客话说站得住吗,刘叔新,语言接触与语言变异,2013,第2期,"刘叔新.惠河土话属客话说站得住吗[J].澳门语言学刊,2013年第2期."
316,澳门大学生语言态度研究,阎喜,语言接触与语言变异,2014,第1期,"阎喜.澳门大学生语言态度研究[J].澳门语言学刊,2014年第1期."
317,从“换级”现象看英汉差异,艾溢芳,语言接触与语言变异,2015,第1期,"艾溢芳.从“换级”现象看英汉差异[J].澳门语言学刊,2015年第1期."
318,澳门地方普通话若干语法特点,周荐,语言接触与语言变异,2015,第1期,"周荐.澳门地方普通话若干语法特点[J].澳门语言学刊,2015年第1期."
319,澳门中文的语序问题考察,雷曦,语言接触与语言变异,2015,第1期,"雷曦.澳门中文的语序问题考察[J].澳门语言学刊,2015年第1期."
320,接触下的变异——天祝汉语声调声学分析与理论探讨,冉启斌、田弘瑶佳、尹怡萍、付瑜,语言接触与语言变异,2015,第1期,"冉启斌、田弘瑶佳、尹怡萍、付瑜.接触下的变异——天祝汉语声调声学分析与理论探讨[J].澳门语言学刊,2015年第1期."
321,澳门语言景观中语言使用的社会影响因素及语言特色,张媛媛,语言接触与语言变异,2016,第1期,"张媛媛.澳门语言景观中语言使用的社会影响因素及语言特色[J].澳门语言学刊,2016年第1期."
322,《英吉利语略》语言特点研究,崔彦,语言接触与语言变异,2017,第1期,"崔彦.《英吉利语略》语言特点研究[J].澳门语言学刊,2017年第1期."
323,语言接触对汉语构词法的影响,张文,语言接触与语言变异,2017,第1期,"张文.语言接触对汉语构词法的影响[J].澳门语言学刊,2017年第1期."
324,都市商业景观中的外文标牌对语言规划的挑战——以北京市九大购物中心的语言标牌调查为例,邢欣、丁嵩山、王连盛、叶苏嘉、王丽芳,语言接触与语言变异,2017,第1期,"邢欣、丁嵩山、王连盛、叶苏嘉、王丽芳.都市商业景观中的外文标牌对语言规划的挑战——以北京市九大购物中心的语言标牌调查为例[J].澳门语言学刊,2017年第1期."
325,中外方言研究现状的可视化比较分析——基于Citespace的文献量化知识图谱（2001-2016）,余乐,语言接触与语言变异,2018,第1期,"余乐.中外方言研究现状的可视化比较分析——基于Citespace的文献量化知识图谱（2001-2016）[J].澳门语言学刊,2018年第1期."
326,Japanese Speakers’ Perception of English /?/ and /l/ in Different Word Positions,Hua Lin & Kassidy Smids-Dyk,语言接触与语言变异,2018,第2期,"Hua Lin & Kassidy Smids-Dyk.Japanese Speakers’ Perception of English /?/ and /l/ in Different Word Positions[J].澳门语言学刊,2018年第2期."
327,澳门语言忠诚度研究,温涵、郭睦羽,语言接触与语言变异,2019,第1期,"温涵、郭睦羽.澳门语言忠诚度研究[J].澳门语言学刊,2019年第1期."
328,澳门粤语单字调去声的社会变异研究,张延勇,语言接触与语言变异,2019,第2期,"张延勇.澳门粤语单字调去声的社会变异研究[J].澳门语言学刊,2019年第2期."
329,试论纳西语方言分化的年代——语言年代学与作物栽培史的证据,李子鹤,语言接触与语言变异,2019,第2期,"李子鹤.试论纳西语方言分化的年代——语言年代学与作物栽培史的证据[J].澳门语言学刊,2019年第2期."
330,在方言和语域的交汇处——江永女书探赜,王勇、秦思,语言接触与语言变异,2020,第1期,"王勇、秦思.在方言和语域的交汇处——江永女书探赜[J].澳门语言学刊,2020年第1期."
331,北京密云古北口镇的“露八分”探析,范慧琴,语言接触与语言变异,2021,第1期,"范慧琴.北京密云古北口镇的“露八分”探析[J].澳门语言学刊,2021年第1期."
332,《语言习得和语言接触中的语序变化》评述,倪广妍,语言接触与语言变异,2021,第2期,"倪广妍.《语言习得和语言接触中的语序变化》评述[J].澳门语言学刊,2021年第2期."
333,汉英诗歌语序变异类型的比较研究,李莹、周毕吉,语言接触与语言变异,2022,第1期,"李莹、周毕吉.汉英诗歌语序变异类型的比较研究[J].澳门语言学刊,2022年第1期."
334,方言测量学方法的稳定性检验,黄河、宋华强,语言接触与语言变异,2022,第2期,"黄河、宋华强.方言测量学方法的稳定性检验[J].澳门语言学刊,2022年第2期."
335,语言类型学对谈,吴桐、陈榕,语言接触与语言变异,2023,第1期,"吴桐、陈榕.语言类型学对谈[J].澳门语言学刊,2023年第1期."
336,佛经翻译传意史中的一个障碍之破除,谭世宝,汉语史,1996,总第2/3期,"谭世宝.佛经翻译传意史中的一个障碍之破除[J].澳门语言学刊,1996年总第2/3期."
337,广州话与汉语史研究,蒋绍愚,汉语史,1997,总第4/5期,"蒋绍愚.广州话与汉语史研究[J].澳门语言学刊,1997年总第4/5期."
338,从宋代福建诗人用韵看历史上吴语对闽语的影响,刘晚南,汉语史,1998,总第6/7期,"刘晚南.从宋代福建诗人用韵看历史上吴语对闽语的影响[J].澳门语言学刊,1998年总第6/7期."
339,古汉语标记句式浅论,刘晓南,汉语史,2000,总第10/11期,"刘晓南.古汉语标记句式浅论[J].澳门语言学刊,2000年总第10/11期."
340,关于古汉语无标志被动句的几个问题,刘光明,汉语史,2001,总第14/15期,"刘光明.关于古汉语无标志被动句的几个问题[J].澳门语言学刊,2001年总第14/15期."
341,汉魏六朝女性赋述论,靳青万,汉语史,2002,总第16/17期,"靳青万.汉魏六朝女性赋述论[J].澳门语言学刊,2002年总第16/17期."
342,《儒林外史》语言“异质”说质疑,汪化云,汉语史,2002,总第16/17期,"汪化云.《儒林外史》语言“异质”说质疑[J].澳门语言学刊,2002年总第16/17期."
343,古代汉语中的“者”、“所”与汉语学习,董月凯,汉语史,2003,总第24/25期,"董月凯.古代汉语中的“者”、“所”与汉语学习[J].澳门语言学刊,2003年总第24/25期."
344,试论语言接触与汉语文白转型,徐时仪,汉语史,2008,总第31/32期,"徐时仪.试论语言接触与汉语文白转型[J].澳门语言学刊,2008年总第31/32期."
345,姓名文化纵横谈,杨琳,汉语史,2008,总第31/32期,"杨琳.姓名文化纵横谈[J].澳门语言学刊,2008年总第31/32期."
346,近代汉语否定句中表达主观性的“再”,董正存,汉语史,2010,第2期,"董正存.近代汉语否定句中表达主观性的“再”[J].澳门语言学刊,2010年第2期."
347,“X 始得”句式的历史考察,祁从舵,汉语史,2010,第2期,"祁从舵.“X 始得”句式的历史考察[J].澳门语言学刊,2010年第2期."
348,“互文”术语始见再考,刘斐,汉语史,2012,第1期,"刘斐.“互文”术语始见再考[J].澳门语言学刊,2012年第1期."
349,“别”的音义关系问题,万群,汉语史,2012,第2期,"万群.“别”的音义关系问题[J].澳门语言学刊,2012年第2期."
350,“风骚”源流考,李洁,汉语史,2013,第2期,"李洁.“风骚”源流考[J].澳门语言学刊,2013年第2期."
351,汉语语法史断代专题研究新成果——评傅惠钧《明清汉语疑问句研究》,苏颖、杨荣祥,汉语史,2013,第2期,"苏颖、杨荣祥.汉语语法史断代专题研究新成果——评傅惠钧《明清汉语疑问句研究》[J].澳门语言学刊,2013年第2期."
352,清代来华传教士马若瑟《汉语箚记》中的标记理论,刘亚辉,汉语史,2014,第1期,"刘亚辉.清代来华传教士马若瑟《汉语箚记》中的标记理论[J].澳门语言学刊,2014年第1期."
353,“皮草”与“布草”考源,杨琳,汉语史,2014,第1期,"杨琳.“皮草”与“布草”考源[J].澳门语言学刊,2014年第1期."
354,“肃”之“寒”意考辨,杨炎华、覃业位,汉语史,2014,第1期,"杨炎华、覃业位.“肃”之“寒”意考辨[J].澳门语言学刊,2014年第1期."
355,论元明时期汉语允让使役的产生,刘华丽、张美兰,汉语史,2015,第1期,"刘华丽、张美兰.论元明时期汉语允让使役的产生[J].澳门语言学刊,2015年第1期."
356,汉语双及物构式基本配置问题历时研究,张文,汉语史,2016,第1期,"张文.汉语双及物构式基本配置问题历时研究[J].澳门语言学刊,2016年第1期."
357,辽代的语言状况,傅林,汉语史,2016,第2期,"傅林.辽代的语言状况[J].澳门语言学刊,2016年第2期."
358,上古汉语谦敬副词的性质、范围和分类,谷峰,汉语史,2017,第1期,"谷峰.上古汉语谦敬副词的性质、范围和分类[J].澳门语言学刊,2017年第1期."
359,近代汉语中语法标记词“把”的表义范畴研究,刘海波,汉语史,2017,第2期,"刘海波.近代汉语中语法标记词“把”的表义范畴研究[J].澳门语言学刊,2017年第2期."
360,“伍员音运”说考辨,金琪然,汉语史,2018,第1期,"金琪然.“伍员音运”说考辨[J].澳门语言学刊,2018年第1期."
361,上古汉语“WH-+其+VP”中“其”的性质,谷峰,汉语史,2018,第2期,"谷峰.上古汉语“WH-+其+VP”中“其”的性质[J].澳门语言学刊,2018年第2期."
362,上古汉语标句词与“谓头”理论,陈章、杨晶晶,汉语史,2019,第1期,"陈章、杨晶晶.上古汉语标句词与“谓头”理论[J].澳门语言学刊,2019年第1期."
363,从《经典释文》看“惮”的音义关系,齐晓燕,汉语史,2019,第1期,"齐晓燕.从《经典释文》看“惮”的音义关系[J].澳门语言学刊,2019年第1期."
364,近代汉语使役句句法语义特点研究——以“着”为例,刘海波,汉语史,2019,第2期,"刘海波.近代汉语使役句句法语义特点研究——以“着”为例[J].澳门语言学刊,2019年第2期."
365,中国近代史上传教士的语言学研究,董方峰、杨洋,汉语史,2020,第1期,"董方峰、杨洋.中国近代史上传教士的语言学研究[J].澳门语言学刊,2020年第1期."
366,敦煌古藏文的施格分裂,邵明园,汉语史,2020,第2期,"邵明园.敦煌古藏文的施格分裂[J].澳门语言学刊,2020年第2期."
367,越南流傅版《明心宝艳》的研究价值,侯兴泉,汉语史,2021,第2期,"侯兴泉.越南流傅版《明心宝艳》的研究价值[J].澳门语言学刊,2021年第2期."
368,作为明清小说叙事套语的话题终结标记“不提”研究,卢惠惠,汉语史,2022,第1期,"卢惠惠.作为明清小说叙事套语的话题终结标记“不提”研究[J].澳门语言学刊,2022年第1期."
369,唐诗中的“奈X 何”构式,冯广艺,汉语史,2022,第2期,"冯广艺.唐诗中的“奈X 何”构式[J].澳门语言学刊,2022年第2期."
370,论钞本韵书《音韵杂抄》所记录的一种近代北方官话方言,王思齐,汉语史,2022,第2期,"王思齐.论钞本韵书《音韵杂抄》所记录的一种近代北方官话方言[J].澳门语言学刊,2022年第2期."
371,主观极量副词“绝顶”的历时演化,王璐、万莹,汉语史,2023,第1期,"王璐、万莹.主观极量副词“绝顶”的历时演化[J].澳门语言学刊,2023年第1期."
372,历时语体语法视角下的粤调曲艺唱本比较句考察,朱嫣红、李汶泺,汉语史,2023,第2期,"朱嫣红、李汶泺.历时语体语法视角下的粤调曲艺唱本比较句考察[J].澳门语言学刊,2023年第2期."
373,早期北方官话文献中的“头”缀及其历时演变,郭利霞、孙佳乐,汉语史,2023,第2期,"郭利霞、孙佳乐.早期北方官话文献中的“头”缀及其历时演变[J].澳门语言学刊,2023年第2期."
374,简论汉字字形发展的趋势,陈丽萍,文字学,2003,总第20/21期,"陈丽萍.简论汉字字形发展的趋势[J].澳门语言学刊,2003年总第20/21期."
375,浅论与动物有关的汉字的文化蕴含,高军青,文字学,2003,总第20/21期,"高军青.浅论与动物有关的汉字的文化蕴含[J].澳门语言学刊,2003年总第20/21期."
376,说左右，道四方,思放,文字学,2011,第1期,"思放.说左右，道四方[J].澳门语言学刊,2011年第1期."
377,人类文字的鸟瞰,周有光,文字学,2014,第1期,"周有光.人类文字的鸟瞰[J].澳门语言学刊,2014年第1期."
378,粤方言字的正字和正码问题,侯兴泉、吴南开,文字学,2016,第1期,"侯兴泉、吴南开.粤方言字的正字和正码问题[J].澳门语言学刊,2016年第1期."
379,现代汉字直观构形体系的构建,侯冬梅,文字学,2017,第1期,"侯冬梅.现代汉字直观构形体系的构建[J].澳门语言学刊,2017年第1期."
380,章太炎与杨树达的语源学研究之比较,卞仁海,文字学,2018,第1期,"卞仁海.章太炎与杨树达的语源学研究之比较[J].澳门语言学刊,2018年第1期."
381,读北大简《妄稽》札记,罗涛,文字学,2018,第1期,"罗涛.读北大简《妄稽》札记[J].澳门语言学刊,2018年第1期."
382,汉字文化圈与形译,邓应烈,文字学,2019,第2期,"邓应烈.汉字文化圈与形译[J].澳门语言学刊,2019年第2期."
383,成年人学话要有理论指导——在澳门“普通话教学研讨会”上的发言,程祥徽,应用语言学,1995,总第1期,"程祥徽.成年人学话要有理论指导——在澳门“普通话教学研讨会”上的发言[J].澳门语言学刊,1995年总第1期."
384,澳门传意工作者的培训,郑炜明,应用语言学,1996,总第2/3期,"郑炜明.澳门传意工作者的培训[J].澳门语言学刊,1996年总第2/3期."
385,澳门的双语环境与双语培训,张卓夫,应用语言学,1996,总第2/3期,"张卓夫.澳门的双语环境与双语培训[J].澳门语言学刊,1996年总第2/3期."
386,澳门文化与多语制,魏美昌,应用语言学,1997,总第4/5期,"魏美昌.澳门文化与多语制[J].澳门语言学刊,1997年总第4/5期."
387,共同语在澳门的历史性转变,何斌,应用语言学,1997,总第4/5期,"何斌.共同语在澳门的历史性转变[J].澳门语言学刊,1997年总第4/5期."
388,方言与共同语的并存及其前景,胡培周,应用语言学,1997,总第4/5期,"胡培周.方言与共同语的并存及其前景[J].澳门语言学刊,1997年总第4/5期."
389,试谈未来澳门特区语言,余妙丽,应用语言学,1997,总第4/5期,"余妙丽.试谈未来澳门特区语言[J].澳门语言学刊,1997年总第4/5期."
390,方言和共同语在传媒中的使用,张卓夫,应用语言学,1997,总第4/5期,"张卓夫.方言和共同语在传媒中的使用[J].澳门语言学刊,1997年总第4/5期."
391,汉语方言与共同语的双向吸收,邓骏捷,应用语言学,1997,总第4/5期,"邓骏捷.汉语方言与共同语的双向吸收[J].澳门语言学刊,1997年总第4/5期."
392,语言教学要善用“对比”方法,黄翊,应用语言学,1997,总第4/5期,"黄翊.语言教学要善用“对比”方法[J].澳门语言学刊,1997年总第4/5期."
393,澳门普通话教学刍议,邵朝阳,应用语言学,1997,总第4/5期,"邵朝阳.澳门普通话教学刍议[J].澳门语言学刊,1997年总第4/5期."
394,海外语言学研究动态与研究方法概论（中英文）,冯润华,应用语言学,1998,总第6/7期,"冯润华.海外语言学研究动态与研究方法概论（中英文）[J].澳门语言学刊,1998年总第6/7期."
395,略论教师的语言修养,濮侃,应用语言学,1998,总第6/7期,"濮侃.略论教师的语言修养[J].澳门语言学刊,1998年总第6/7期."
396,澳门之推普策略种种,程祥徽,应用语言学,1998,总第6/7期,"程祥徽.澳门之推普策略种种[J].澳门语言学刊,1998年总第6/7期."
397,澳门回归与澳门语文的前景,程祥徽,应用语言学,1999,总第8/9期,"程祥徽.澳门回归与澳门语文的前景[J].澳门语言学刊,1999年总第8/9期."
398,语文规划研究述评,丁金国,应用语言学,1999,总第8/9期,"丁金国.语文规划研究述评[J].澳门语言学刊,1999年总第8/9期."
399,语言规划与语言政策,冯润华,应用语言学,1999,总第8/9期,"冯润华.语言规划与语言政策[J].澳门语言学刊,1999年总第8/9期."
400,试论澳门汉语教学之发展,赵永新,应用语言学,1999,总第8/9期,"赵永新.试论澳门汉语教学之发展[J].澳门语言学刊,1999年总第8/9期."
401,澳门的语用路向与语文规划,黄翊,应用语言学,1999,总第8/9期,"黄翊.澳门的语用路向与语文规划[J].澳门语言学刊,1999年总第8/9期."
402,音节繁多冗长纠缠——谈澳门的音译地名,老志钧,应用语言学,1999,总第8/9期,"老志钧.音节繁多冗长纠缠——谈澳门的音译地名[J].澳门语言学刊,1999年总第8/9期."
403,建议使用“篇末号”,邓景滨,应用语言学,1999,总第8/9期,"邓景滨.建议使用“篇末号”[J].澳门语言学刊,1999年总第8/9期."
404,对汉字粤读、正写与用词规范刍议,龙裕琛,应用语言学,1999,总第8/9期,"龙裕琛.对汉字粤读、正写与用词规范刍议[J].澳门语言学刊,1999年总第8/9期."
405,再论语言规范与语言应用,詹伯慧,应用语言学,2000,总第10/11期,"詹伯慧.再论语言规范与语言应用[J].澳门语言学刊,2000年总第10/11期."
406,语言规划的回顾与前瞻——兼谈澳门语言学会对语言规划工作的贡献,谭汝为,应用语言学,2000,总第10/11期,"谭汝为.语言规划的回顾与前瞻——兼谈澳门语言学会对语言规划工作的贡献[J].澳门语言学刊,2000年总第10/11期."
407,语言规划与澳门的社会语言调查,王培光,应用语言学,2000,总第10/11期,"王培光.语言规划与澳门的社会语言调查[J].澳门语言学刊,2000年总第10/11期."
408,试论澳门特区语文素质教育,彭嘉强,应用语言学,2000,总第10/11期,"彭嘉强.试论澳门特区语文素质教育[J].澳门语言学刊,2000年总第10/11期."
409,谈谈学习普通话与表达规范的问题,方小燕,应用语言学,2000,总第10/11期,"方小燕.谈谈学习普通话与表达规范的问题[J].澳门语言学刊,2000年总第10/11期."
410,澳门中文公文的回归之路,程祥徽,应用语言学,2001,总第14/15期,"程祥徽.澳门中文公文的回归之路[J].澳门语言学刊,2001年总第14/15期."
411,澳门中文行政公文的撰写准则建议,龙裕琛,应用语言学,2001,总第14/15期,"龙裕琛.澳门中文行政公文的撰写准则建议[J].澳门语言学刊,2001年总第14/15期."
412,试谈语言面貌,黄翊,应用语言学,2001,总第14/15期,"黄翊.试谈语言面貌[J].澳门语言学刊,2001年总第14/15期."
413,“方言普化”与“粤字优化”,邓景滨,应用语言学,2001,总第14/15期,"邓景滨.“方言普化”与“粤字优化”[J].澳门语言学刊,2001年总第14/15期."
414,语调教学二题,孙琳,应用语言学,2001,总第14/15期,"孙琳.语调教学二题[J].澳门语言学刊,2001年总第14/15期."
415,如何教好现代汉语音节,李华,应用语言学,2002,总第16/17期,"李华.如何教好现代汉语音节[J].澳门语言学刊,2002年总第16/17期."
416,泰语和汉语的语音对比——兼分析泰国人学习汉语的语言偏误,【泰】李创鑫,应用语言学,2002,总第16/17期,"【泰】李创鑫.泰语和汉语的语音对比——兼分析泰国人学习汉语的语言偏误[J].澳门语言学刊,2002年总第16/17期."
417,普通话沉浸学习——与当地社会融合的互动学习,何国祥,应用语言学,2002,总第18/19期,"何国祥.普通话沉浸学习——与当地社会融合的互动学习[J].澳门语言学刊,2002年总第18/19期."
418,香港普通话水平测试面面观,田小琳,应用语言学,2002,总第18/19期,"田小琳.香港普通话水平测试面面观[J].澳门语言学刊,2002年总第18/19期."
419,汉语测试与语言心理学,刘镰力,应用语言学,2002,总第18/19期,"刘镰力.汉语测试与语言心理学[J].澳门语言学刊,2002年总第18/19期."
420,影响普通话水平测试的心理因素及其分析,苏丹、赵宏弢,应用语言学,2002,总第18/19期,"苏丹、赵宏弢.影响普通话水平测试的心理因素及其分析[J].澳门语言学刊,2002年总第18/19期."
421,普通话水平测试之评分者信度,杨志明、张雷,应用语言学,2002,总第18/19期,"杨志明、张雷.普通话水平测试之评分者信度[J].澳门语言学刊,2002年总第18/19期."
422,香港地区普通话水平测试的若干问题,李娥珍,应用语言学,2002,总第18/19期,"李娥珍.香港地区普通话水平测试的若干问题[J].澳门语言学刊,2002年总第18/19期."
423,方音定势对普通话水平测试评分的负面影响,李汛,应用语言学,2002,总第18/19期,"李汛.方音定势对普通话水平测试评分的负面影响[J].澳门语言学刊,2002年总第18/19期."
424,普通话韵律的声学特征及正误辨析的原则方法,王渝光、陈典红,应用语言学,2002,总第18/19期,"王渝光、陈典红.普通话韵律的声学特征及正误辨析的原则方法[J].澳门语言学刊,2002年总第18/19期."
425,从字音走向会话——论普通话水平培训测试的两个重点,黄翊,应用语言学,2002,总第18/19期,"黄翊.从字音走向会话——论普通话水平培训测试的两个重点[J].澳门语言学刊,2002年总第18/19期."
426,澳门地区普通话（汉语）教学特点初探,许亦峰,应用语言学,2002,总第18/19期,"许亦峰.澳门地区普通话（汉语）教学特点初探[J].澳门语言学刊,2002年总第18/19期."
427,普通话教学探讨,张进萍,应用语言学,2002,总第18/19期,"张进萍.普通话教学探讨[J].澳门语言学刊,2002年总第18/19期."
428,教授葡国学生学习中文的一些体会,邓思平,应用语言学,2002,总第18/19期,"邓思平.教授葡国学生学习中文的一些体会[J].澳门语言学刊,2002年总第18/19期."
429,新世纪的澳门语言策略,程祥徽,应用语言学,2002,总第18/19期,"程祥徽.新世纪的澳门语言策略[J].澳门语言学刊,2002年总第18/19期."
430,应用语言学研究的回顾与前瞻,谭汝为,应用语言学,2002,总第18/19期,"谭汝为.应用语言学研究的回顾与前瞻[J].澳门语言学刊,2002年总第18/19期."
431,汉语社会中有汉字知识缺陷社群的认知能力与方式调查,易洪川、冯丽萍,应用语言学,2003,总第20/21期,"易洪川、冯丽萍.汉语社会中有汉字知识缺陷社群的认知能力与方式调查[J].澳门语言学刊,2003年总第20/21期."
432,汉字编码浅析,董月凯,应用语言学,2003,总第20/21期,"董月凯.汉字编码浅析[J].澳门语言学刊,2003年总第20/21期."
433,澳门博彩语中的超语言形态扭曲,邵朝阳,应用语言学,2003,总第20/21期,"邵朝阳.澳门博彩语中的超语言形态扭曲[J].澳门语言学刊,2003年总第20/21期."
434,普通话水平测试研究的现状及构想,王晖,应用语言学,2003,总第20/21期,"王晖.普通话水平测试研究的现状及构想[J].澳门语言学刊,2003年总第20/21期."
435,提倡用普通话教中国语文,黄翊,应用语言学,2003,总第20/21期,"黄翊.提倡用普通话教中国语文[J].澳门语言学刊,2003年总第20/21期."
436,论用语的规范问题——《语文研究论集》读后,郑远汉,应用语言学,2003,总第22/23期,"郑远汉.论用语的规范问题——《语文研究论集》读后[J].澳门语言学刊,2003年总第22/23期."
437,语音面貌——粤方言区普通话水平测试的核心,田小琳,应用语言学,2003,总第22/23期,"田小琳.语音面貌——粤方言区普通话水平测试的核心[J].澳门语言学刊,2003年总第22/23期."
438,《现代汉语》《普通话》在语音教学中的对比,黄翊,应用语言学,2003,总第22/23期,"黄翊.《现代汉语》《普通话》在语音教学中的对比[J].澳门语言学刊,2003年总第22/23期."
439,谈人名用字规范的必要性和可行性,王宁,应用语言学,2003,总第24/25期,"王宁.谈人名用字规范的必要性和可行性[J].澳门语言学刊,2003年总第24/25期."
440,编辑语言学论略,郝荣斋,应用语言学,2003,总第24/25期,"郝荣斋.编辑语言学论略[J].澳门语言学刊,2003年总第24/25期."
441,关于《规范汉字表》的研制,王铁琨,应用语言学,2004,总第26期,"王铁琨.关于《规范汉字表》的研制[J].澳门语言学刊,2004年总第26期."
442,雨岸四地汉字系统一体化的主要障碍及其出路,张群显,应用语言学,2004,总第26期,"张群显.雨岸四地汉字系统一体化的主要障碍及其出路[J].澳门语言学刊,2004年总第26期."
443,汉语规范化的范围、根据、操作以及学科属性,王卫兵,应用语言学,2004,总第26期,"王卫兵.汉语规范化的范围、根据、操作以及学科属性[J].澳门语言学刊,2004年总第26期."
444,港澳用字,程祥徽,应用语言学,2004,总第26期,"程祥徽.港澳用字[J].澳门语言学刊,2004年总第26期."
445,伟大的语言呼唤严谨的语言学研究——答何南林,David Moser（莫大伟）,应用语言学,2004,总第27 期,"David Moser（莫大伟）.伟大的语言呼唤严谨的语言学研究——答何南林[J].澳门语言学刊,2004年总第27 期."
446,两岸四地的语言与语言规划,张振兴,应用语言学,2008,总第31/32 期,"张振兴.两岸四地的语言与语言规划[J].澳门语言学刊,2008年总第31/32 期."
447,关于澳门语言规划的思考,黄翊,应用语言学,2008,总第31/32 期,"黄翊.关于澳门语言规划的思考[J].澳门语言学刊,2008年总第31/32 期."
448,香港多元语言文化现象及语言文字规范化问题,田小琳,应用语言学,2008,总第31/32 期,"田小琳.香港多元语言文化现象及语言文字规范化问题[J].澳门语言学刊,2008年总第31/32 期."
449,回归后香港的普通话推广和使用状况,袁舫、王辉,应用语言学,2008,总第31/32 期,"袁舫、王辉.回归后香港的普通话推广和使用状况[J].澳门语言学刊,2008年总第31/32 期."
450,普通话语音教学与测试中的若干问题,孙海娜,应用语言学,2008,总第31/32 期,"孙海娜.普通话语音教学与测试中的若干问题[J].澳门语言学刊,2008年总第31/32 期."
451,辞书编纂现代化的新理念——人机界面工具使用的智能发挥,张志毅,应用语言学,2008,总第31/32 期,"张志毅.辞书编纂现代化的新理念——人机界面工具使用的智能发挥[J].澳门语言学刊,2008年总第31/32 期."
452,由“英明领袖”的“二简”所想到的,尉迟若水,应用语言学,2008,总第31/32 期,"尉迟若水.由“英明领袖”的“二简”所想到的[J].澳门语言学刊,2008年总第31/32 期."
453,澳门人文社会科学研究丛书《语言翻译卷》序,程祥徽,应用语言学,2008,总第31/32 期,"程祥徽.澳门人文社会科学研究丛书《语言翻译卷》序[J].澳门语言学刊,2008年总第31/32 期."
454,学习和研究应用语言学历史的意义和方法,于根元,应用语言学,2008,总第31/32 期,"于根元.学习和研究应用语言学历史的意义和方法[J].澳门语言学刊,2008年总第31/32 期."
455,语言交汇处巧绘丰收图——《语言翻译卷》读后,周荐,应用语言学,2009,第1期,"周荐.语言交汇处巧绘丰收图——《语言翻译卷》读后[J].澳门语言学刊,2009年第1期."
456,澳门普通话水平测试（PSC）十年,陈茜,应用语言学,2009,第1期,"陈茜.澳门普通话水平测试（PSC）十年[J].澳门语言学刊,2009年第1期."
457,语言资源观与语言应用研究,王世凯,应用语言学,2009,第1期,"王世凯.语言资源观与语言应用研究[J].澳门语言学刊,2009年第1期."
458,两岸语言政策与汉语的国际传播,张振兴,应用语言学,2009,第2期,"张振兴.两岸语言政策与汉语的国际传播[J].澳门语言学刊,2009年第2期."
459,关于汉外词汇教学的单位,红粉芳惠,应用语言学,2009,第2期,"红粉芳惠.关于汉外词汇教学的单位[J].澳门语言学刊,2009年第2期."
460,从用字统计列表看语音标准问题,朱丽红,应用语言学,2009,第2期,"朱丽红.从用字统计列表看语音标准问题[J].澳门语言学刊,2009年第2期."
461,汉语方言需要面对濒危问题,张振兴,应用语言学,2010,第2期,"张振兴.汉语方言需要面对濒危问题[J].澳门语言学刊,2010年第2期."
462,汉语数词英译的文化视角分析——以《道德经》为例,王玉红,应用语言学,2010,第2期,"王玉红.汉语数词英译的文化视角分析——以《道德经》为例[J].澳门语言学刊,2010年第2期."
463,现行汉字优化浅论——从《通用规范汉字表》收录的6个繁体字谈起,董月凯,应用语言学,2010,第2期,"董月凯.现行汉字优化浅论——从《通用规范汉字表》收录的6个繁体字谈起[J].澳门语言学刊,2010年第2期."
464,利用汉语拼音方法学英语——推荐中国人学英语的一种新方法,程祥徽,应用语言学,2010,第2期,"程祥徽.利用汉语拼音方法学英语——推荐中国人学英语的一种新方法[J].澳门语言学刊,2010年第2期."
465,汉语应用文研究的新起点——《全球视野下的汉语应用文研究》评介,李静,应用语言学,2011,第1期,"李静.汉语应用文研究的新起点——《全球视野下的汉语应用文研究》评介[J].澳门语言学刊,2011年第1期."
466,对外汉语教学基础阶段复练课教学模式的实证研究,陈默、何平,应用语言学,2011,第2期,"陈默、何平.对外汉语教学基础阶段复练课教学模式的实证研究[J].澳门语言学刊,2011年第2期."
467,纪念《统一国语办法案》颁布一百周年,李宇明,应用语言学,2012,第1期,"李宇明.纪念《统一国语办法案》颁布一百周年[J].澳门语言学刊,2012年第1期."
468,民族共同语发展中的两个里程碑——国语运动和汉语规范化运动,王理嘉,应用语言学,2012,第1期,"王理嘉.民族共同语发展中的两个里程碑——国语运动和汉语规范化运动[J].澳门语言学刊,2012年第1期."
469,国语运动：实现中华民族复兴的语言计划——以国语和教育的关系为视角,于锦恩,应用语言学,2012,第1期,"于锦恩.国语运动：实现中华民族复兴的语言计划——以国语和教育的关系为视角[J].澳门语言学刊,2012年第1期."
470,从几个连词的英译看汉英文化的一个差异,汪化云、肖擎柱,应用语言学,2012,第1期,"汪化云、肖擎柱.从几个连词的英译看汉英文化的一个差异[J].澳门语言学刊,2012年第1期."
471,建立宽和灵活且极富人情味的语文规范观——从程祥徽先生与纯洁派在语言规范问题上的态度差异说起,王卫兵,应用语言学,2012,第1期,"王卫兵.建立宽和灵活且极富人情味的语文规范观——从程祥徽先生与纯洁派在语言规范问题上的态度差异说起[J].澳门语言学刊,2012年第1期."
472,评说《“国学”和“新国学”》一文对“当今国学”的关注,邓天玉,应用语言学,2012,第1期,"邓天玉.评说《“国学”和“新国学”》一文对“当今国学”的关注[J].澳门语言学刊,2012年第1期."
473,韩国首都更改中文译名引发的思考——从语言翻译学的角度进行剖析,邓应烈,应用语言学,2012,第2期,"邓应烈.韩国首都更改中文译名引发的思考——从语言翻译学的角度进行剖析[J].澳门语言学刊,2012年第2期."
474,从言说动词看计算机语义知识库建设的瓶颈,赵旭、刘振平,应用语言学,2013,第1期,"赵旭、刘振平.从言说动词看计算机语义知识库建设的瓶颈[J].澳门语言学刊,2013年第1期."
475,两岸语言差异及对语音审定标准的思考——以《两岸常用词典》中有语音差异的词语为例,陈茜,应用语言学,2013,第1期,"陈茜.两岸语言差异及对语音审定标准的思考——以《两岸常用词典》中有语音差异的词语为例[J].澳门语言学刊,2013年第1期."
476,汉字粤读、正写与用词规范刍议（修订本）,龙裕琛,应用语言学,2013,第2期,"龙裕琛.汉字粤读、正写与用词规范刍议（修订本）[J].澳门语言学刊,2013年第2期."
477,时代性与针对性的有机结合——简评一部通行于港澳台地区的现代汉语教材,江蓝生、邵敬敏,应用语言学,2014,第1期,"江蓝生、邵敬敏.时代性与针对性的有机结合——简评一部通行于港澳台地区的现代汉语教材[J].澳门语言学刊,2014年第1期."
478,双母语“土生”所用汉语课本的编写问题,黄翊,应用语言学,2014,第2期,"黄翊.双母语“土生”所用汉语课本的编写问题[J].澳门语言学刊,2014年第2期."
479,语法功能与语法结构的结合——评《新实用汉语课本》总第一册,贺晓玲,应用语言学,2015,第1期,"贺晓玲.语法功能与语法结构的结合——评《新实用汉语课本》总第一册[J].澳门语言学刊,2015年第1期."
480,基于中介语语料库的日本留学生语法偏误研究,祁峰、张季含,应用语言学,2017,第2期,"祁峰、张季含.基于中介语语料库的日本留学生语法偏误研究[J].澳门语言学刊,2017年第2期."
481,“汉语”的性质和定义,郭熙,应用语言学,2018,第1期,"郭熙.“汉语”的性质和定义[J].澳门语言学刊,2018年第1期."
482,一部值得推荐的现代汉语教材,曹德和,应用语言学,2018,第2期,"曹德和.一部值得推荐的现代汉语教材[J].澳门语言学刊,2018年第2期."
483,从《语学举隅》看“把”字祈使句教学,万晓丽、邵则遂,应用语言学,2018,第2期,"万晓丽、邵则遂.从《语学举隅》看“把”字祈使句教学[J].澳门语言学刊,2018年第2期."
484,改革开放以来澳门语言运用的变化与发展,程祥徽、刘景松,应用语言学,2019,第1期,"程祥徽、刘景松.改革开放以来澳门语言运用的变化与发展[J].澳门语言学刊,2019年第1期."
485,澳门粤语字表资料与普通话字表资料对应关系分析,罗言发,应用语言学,2019,第1期,"罗言发.澳门粤语字表资料与普通话字表资料对应关系分析[J].澳门语言学刊,2019年第1期."
486,教育家王云五对祖国的贡献——从其教育实践、辞书编纂、图书分类法研制谈起,刘静静,应用语言学,2019,第2期,"刘静静.教育家王云五对祖国的贡献——从其教育实践、辞书编纂、图书分类法研制谈起[J].澳门语言学刊,2019年第2期."
487,中葡应用文文种的差别与规范,张卓夫,应用语言学,2020,第1期,"张卓夫.中葡应用文文种的差别与规范[J].澳门语言学刊,2020年第1期."
488,汉语二语语音教材分析,王璐,应用语言学,2020,第2期,"王璐.汉语二语语音教材分析[J].澳门语言学刊,2020年第2期."
489,论合格普通话与推普的“度”,司罗红、邢晓梦、樊留洋,应用语言学,2021,第2期,"司罗红、邢晓梦、樊留洋.论合格普通话与推普的“度”[J].澳门语言学刊,2021年第2期."
490,香港中国语文教育评估标准回顾与思考,施仲谋、田小琳、李黄萍、蔡一聪,应用语言学,2021,第2期,"施仲谋、田小琳、李黄萍、蔡一聪.香港中国语文教育评估标准回顾与思考[J].澳门语言学刊,2021年第2期."
491,女性主义翻译视角下的译者主体性及相关问题,唐仪、李丽青,应用语言学,2021,第2期,"唐仪、李丽青.女性主义翻译视角下的译者主体性及相关问题[J].澳门语言学刊,2021年第2期."
492,时间方位短语语法规则在中葡机器翻译后处理中的应用,卢春晖,应用语言学,2022,第1期,"卢春晖.时间方位短语语法规则在中葡机器翻译后处理中的应用[J].澳门语言学刊,2022年第1期."
493,网络语言研究方法论的梳理与思考,程润峰、谢晓明,应用语言学,2023,第2期,"程润峰、谢晓明.网络语言研究方法论的梳理与思考[J].澳门语言学刊,2023年第2期."
494,香港语言生活的研究方略——《香港语言文字面面观》评介,陆志军,应用语言学,2023,第2期,"陆志军.香港语言生活的研究方略——《香港语言文字面面观》评介[J].澳门语言学刊,2023年第2期."
495,岑麒祥轶事趣闻,岑运泰,其他,1995,总第1期,"岑运泰.岑麒祥轶事趣闻[J].澳门语言学刊,1995年总第1期."
496,无声传意的佼佼者：中国书法艺术片谈,陈颂声,其他,1996,总第2/3期,"陈颂声.无声传意的佼佼者：中国书法艺术片谈[J].澳门语言学刊,1996年总第2/3期."
497,程祥徽语言学研究述略,邓骏捷、邵朝阳,其他,1996,总第8/9期,"邓骏捷、邵朝阳.程祥徽语言学研究述略[J].澳门语言学刊,1996年总第8/9期."
498,怀念我的父亲,岑运华、苑云英,其他,2003,总第22/23期,"岑运华、苑云英.怀念我的父亲[J].澳门语言学刊,2003年总第22/23期."
499,徽音吉祥,沈谦,其他,2003,总第24/25期,"沈谦.徽音吉祥[J].澳门语言学刊,2003年总第24/25期."
500,为《语言学：社会的使命》部分作者赋诗,程祥徽,其他,2003,总第24/25期,"程祥徽.为《语言学：社会的使命》部分作者赋诗[J].澳门语言学刊,2003年总第24/25期."
501,索绪尔学说在中国,滕慧群,其他,2004,总第26期,"滕慧群.索绪尔学说在中国[J].澳门语言学刊,2004年总第26期."
502,索绪尔生平事迹及其学术道路,赵蓉晖,其他,2004,总第27 期,"赵蓉晖.索绪尔生平事迹及其学术道路[J].澳门语言学刊,2004年总第27 期."
503,澳门语言学研究回顾与思考,程祥徽、邵朝阳,其他,2008,总第31/32期,"程祥徽、邵朝阳.澳门语言学研究回顾与思考[J].澳门语言学刊,2008年总第31/32期."
504,忆记张清常先生,刘叔新,其他,2009,第1期,"刘叔新.忆记张清常先生[J].澳门语言学刊,2009年第1期."
505,《岑麒祥先生文选》导读,岑运强,其他,2010,第1期,"岑运强.《岑麒祥先生文选》导读[J].澳门语言学刊,2010年第1期."
506,放眼未来细绎家珍——我读《中华传统文化丛书语言文字》,姚徽,其他,2010,第1期,"姚徽.放眼未来细绎家珍——我读《中华传统文化丛书语言文字》[J].澳门语言学刊,2010年第1期."
507,一位淡泊名利，甘作奉献的著名学者——怀念老友曹聪孙教授,李行健,其他,2010,第1期,"李行健.一位淡泊名利，甘作奉献的著名学者——怀念老友曹聪孙教授[J].澳门语言学刊,2010年第1期."
508,谈谈关于读书的几个问题,于根元,其他,2010,第1期,"于根元.谈谈关于读书的几个问题[J].澳门语言学刊,2010年第1期."
509,周有光先生的多彩人生,郭龙生,其他,2010,第2期,"郭龙生.周有光先生的多彩人生[J].澳门语言学刊,2010年第2期."
510,邢福义“讲实议，求实证”的治学风格,张邱林,其他,2010,第2期,"张邱林.邢福义“讲实议，求实证”的治学风格[J].澳门语言学刊,2010年第2期."
511,关于“以学术引导学术”,于根元,其他,2010,第2期,"于根元.关于“以学术引导学术”[J].澳门语言学刊,2010年第2期."
512,从依山到面海,王宁,其他,2011,第1期,"王宁.从依山到面海[J].澳门语言学刊,2011年第1期."
513,濠江程子两彰宜,陈耀南,其他,2011,第1期,"陈耀南.濠江程子两彰宜[J].澳门语言学刊,2011年第1期."
514,友情和启迪---庆祝程祥徽教授澳门从研从教三十周年,张惠英,其他,2011,第2期,"张惠英.友情和启迪---庆祝程祥徽教授澳门从研从教三十周年[J].澳门语言学刊,2011年第2期."
515,诗与语言的互动：程祥徽教授诗说,黄坤尧,其他,2011,第2期,"黄坤尧.诗与语言的互动：程祥徽教授诗说[J].澳门语言学刊,2011年第2期."
516,耕耘花田人亦香——程祥徽先生与“花儿”,朱刚,其他,2011,第2期,"朱刚.耕耘花田人亦香——程祥徽先生与“花儿”[J].澳门语言学刊,2011年第2期."
517,随祥徽师学习语言学点滴,邓骏捷,其他,2011,第2期,"邓骏捷.随祥徽师学习语言学点滴[J].澳门语言学刊,2011年第2期."
518,理解是纪念的前提——纪念启功先生百年诞辰,王宁,其他,2012,第2期,"王宁.理解是纪念的前提——纪念启功先生百年诞辰[J].澳门语言学刊,2012年第2期."
519,师情似海春波暖,刘梓楠,其他,2012,第2期,"刘梓楠.师情似海春波暖[J].澳门语言学刊,2012年第2期."
520,一个花甲的友情——贺祥徽兄八十革诞,唐作藩,其他,2013,第1期,"唐作藩.一个花甲的友情——贺祥徽兄八十革诞[J].澳门语言学刊,2013年第1期."
521,赵元任先生对现代语言科学的理论与实践探索,赵贤德,其他,2013,第1期,"赵贤德.赵元任先生对现代语言科学的理论与实践探索[J].澳门语言学刊,2013年第1期."
522,特征鲜明的澳门语言研究贺澳门语言学会成立20 周年,丁金国,其他,2014,第1期,"丁金国.特征鲜明的澳门语言研究贺澳门语言学会成立20 周年[J].澳门语言学刊,2014年第1期."
523,语言学大道越走越宽广——澳门语言学会20 年,程祥徽,其他,2014,第2期,"程祥徽.语言学大道越走越宽广——澳门语言学会20 年[J].澳门语言学刊,2014年第2期."
524,“语体领先”与“语码平等”——贺澳门语言学会20 周年庆,王卫兵,其他,2014,第2期,"王卫兵.“语体领先”与“语码平等”——贺澳门语言学会20 周年庆[J].澳门语言学刊,2014年第2期."
525,《漫话“有所不为”》一文对语言事实的关注与尊重,邓天玉,其他,2016,第1期,"邓天玉.《漫话“有所不为”》一文对语言事实的关注与尊重[J].澳门语言学刊,2016年第1期."
526,《“诞辰”古今演化辨察》的传授艺术,邓天玉,其他,2019,第1期,"邓天玉.《“诞辰”古今演化辨察》的传授艺术[J].澳门语言学刊,2019年第1期."
527,程祥徽语言学研究的多重成就——喜读《语海文江踏浪来——程祥徽评传》,白兆麟,其他,2019,第2期,"白兆麟.程祥徽语言学研究的多重成就——喜读《语海文江踏浪来——程祥徽评传》[J].澳门语言学刊,2019年第2期."
528,一部全面了解民国历史文化名人王云五的精品力作——周荐教授新着《王云五评传——多重历史镜像中的文化人》评介,赵贤德,其他,2020,第1期,"赵贤德.一部全面了解民国历史文化名人王云五的精品力作——周荐教授新着《王云五评传——多重历史镜像中的文化人》评介[J].澳门语言学刊,2020年第1期."
529,踏浪人生奔放豪情——读《语海文江踏浪来》的认识,祁嬿蒨,其他,2020,第1期,"祁嬿蒨.踏浪人生奔放豪情——读《语海文江踏浪来》的认识[J].澳门语言学刊,2020年第1期."
530,十字门前真瞩目——程祥徽先生记忆,余颂辉,其他,2020,第2期,"余颂辉.十字门前真瞩目——程祥徽先生记忆[J].澳门语言学刊,2020年第2期."
531,谁最早提出汉语语法有那两个特点？——“汉语缺乏形态、倚重语序和虚词”观点溯源,袁毓林、王恩旭,句法学和语义学,2024,第1期,"袁毓林、王恩旭.谁最早提出汉语语法有那两个特点？——“汉语缺乏形态、倚重语序和虚词”观点溯源[J].澳门语言学刊,2024年第1期."
532,汉语“动+名+动量”结构的韵律及语体制约,崔四行卢乐仪、张咪,句法学和语义学,2024,第1期,"崔四行卢乐仪、张咪.汉语“动+名+动量”结构的韵律及语体制约[J].澳门语言学刊,2024年第1期."
533,NP隐含与“X（的）那种”句式的动态生成,方清明,句法学和语义学,2024, 第1期,"方清明.NP隐含与“X（的）那种”句式的动态生成[J].澳门语言学刊,2024年 第1期."
534,汉语体标记“了”的语体特征及其自由隐现的语体差异,陆方喆、曾君,句法学和语义学,2024,第1期,"陆方喆、曾君.汉语体标记“了”的语体特征及其自由隐现的语体差异[J].澳门语言学刊,2024年第1期."
535,西南官话“跟到”的多功能用法及其演变,田早慧、邵则遂,句法学和语义学,2024,第1期,"田早慧、邵则遂.西南官话“跟到”的多功能用法及其演变[J].澳门语言学刊,2024年第1期."
536,福建漳平溪南方言反身代词的连读变调,陈宝贤,语音学与音系学,2024,第1期,"陈宝贤.福建漳平溪南方言反身代词的连读变调[J].澳门语言学刊,2024年第1期."
537,全球华语研究的回顾与前瞻,刁晏斌,语言接触与语言变异,2024,第1期,"刁晏斌.全球华语研究的回顾与前瞻[J].澳门语言学刊,2024年第1期."
538,论贵州罗甸方言的归属,李华斌,语言接触与语言变异,2024,第1期,"李华斌.论贵州罗甸方言的归属[J].澳门语言学刊,2024年第1期."
539,《段注》说解中假设类科学用语表现出的“理必”思想,王德毅,汉语史,2024,第1期,"王德毅.《段注》说解中假设类科学用语表现出的“理必”思想[J].澳门语言学刊,2024年第1期."
